model,label,family,strength,is_baseline,share_same_job,share_different_job,share_no_job,survival_share_step1,brier,logloss,ece_nojob,auc_nojob,auc_different_job,spearman_nojob,spearman_different_job,sd_p_nojob,max_subgroup_nojob_calib_gap,max_abs_dev_pp_test,cohort_step1_max_abs_dev_pp,aggregate_match_within_0.5pp
ref,Reference,reference,1.0,True,0.8652051312980171,0.07963209109538205,0.05516277760656828,0.9448372223934317,0.2166545983433423,0.42362540498310064,0.007759366523906698,0.7634086205666167,0.7312911329852264,1.0,1.0,0.06626135421327818,0.016978594302445915,0.0,0.0,True
shuffle,Shuffle,shuffle,1.0,True,0.865205131298019,0.07963209109538257,0.05516277760656856,0.9448372223934315,0.25495592714533827,0.5425478331720868,0.028264603505937104,0.4960917243511977,0.4957338453056981,-0.019326720178847893,-0.0029681060003163093,0.06626135421327818,0.02599723572592414,1.887379141862766e-13,0.0,True
collapse_0.75,Collapse λ=0.75,collapse,0.25,False,0.8652051312980897,0.07963209109538269,0.05516277760656819,0.9448372223934318,0.216988236143312,0.4236940327313193,0.008573686567326643,0.7634086205666167,0.7312911329852264,1.0,1.0,0.04969601565995905,0.012402881773965813,7.260858581048524e-12,2.4980018054066022e-14,True
collapse_0.5,Half collapse (λ=0.5),collapse,0.5,True,0.8652051312980313,0.07963209109538594,0.05516277760656803,0.9448372223934319,0.21995465834998526,0.4323124767166829,0.012721552937038607,0.7634086205666167,0.7312911329852264,1.0,1.0,0.03313067710663963,0.015264971713718115,1.4210854715202004e-12,4.440892098500626e-14,True
collapse_0.25,Collapse λ=0.25,collapse,0.75,False,0.8652051312980004,0.07963209109538244,0.05516277760657113,0.9448372223934288,0.2255538649633621,0.44718305941397757,0.01625590847630061,0.7634086205666167,0.7312911329852264,1.0,1.0,0.016565338553319948,0.020988891010699964,1.6764367671839864e-12,6.938893903907228e-14,True
collapse_0.0,Mode collapse (λ=0),collapse,1.0,True,0.8652051312982265,0.07963209109539052,0.0551627776065874,0.9448372223934126,0.23378585598344273,0.47184957164002067,0.00759616232359276,0.5,0.5,,,0.0,0.02671281030768191,2.0938806244430452e-11,9.298117831235686e-14,True
collapse_1.0,Collapse λ=1 (проверка тождества),collapse,0.0,False,0.865205131278856,0.07963209111374543,0.05516277760736618,0.9448372223926338,0.2166545983423575,0.42362540501040497,0.007759366524704637,0.7634086205666167,0.7312911329852264,1.0,1.0,0.06626135415126763,0.0169785942801651,1.916111713740065e-09,2.7565769111781435e-09,True
persistence_0.0,Persistence 0%,persistence,0.0,False,0.865205131298032,0.07963209109538345,0.055162777606569215,0.9448372223934308,0.21665459834222925,0.4236254050107429,0.007759366523900427,0.7634086205666167,0.7312911329852264,1.0,1.0,0.06626135415113375,0.016978594277844275,1.4876988529977098e-12,1.124100812432971e-13,True
persistence_0.25,Persistence 25%,persistence,0.25,False,0.8651249448830755,0.07985030555147726,0.05502474956544302,0.944975250434557,0.22051473061271054,0.43286895557784894,0.007458134282467372,0.751991365160922,0.7010105431839215,0.9197898058251758,0.8482571988664234,0.06438830847552782,0.01824905044734554,0.02182144560952115,0.02016426598895893,True
persistence_0.5,Persistence 50%,persistence,0.5,True,0.8654222558394545,0.07983912348034573,0.054738620680192814,0.9452613793198071,0.22671944062876048,0.44738225462418224,0.0071720053972156575,0.7258222721758367,0.6607966230961713,0.8427624043708022,0.7069705194086928,0.06152391542203761,0.01925231223867989,0.04241569263754644,0.013656139228834796,True
persistence_0.75,Persistence 75%,persistence,0.75,False,0.864758464832761,0.07978732365162615,0.05545421151562031,0.9445457884843796,0.23170983070596257,0.4611375759400384,0.007938832545332671,0.7073544208948833,0.622913857816981,0.7619835254487438,0.5401811964045542,0.061544034022692,0.021533580240242503,0.04466664652561514,0.04082674518683521,True
persistence_1.0,Persistence 100%,persistence,1.0,True,0.8650922316991779,0.07975899194324361,0.05514877635760007,0.9448512236423999,0.23630125234772317,0.4710195571289913,0.007671085838648835,0.6873354504150908,0.5806753879069023,0.6817048379382042,0.3656970011019579,0.05876862735494015,0.022818770084068712,0.012690084786155797,0.17699571758601484,True
subgroup_age_25,Age bias (δ=0.25),subgroup_age,0.25,False,0.8662185246364923,0.07909154154081971,0.054689933822667604,0.9453100661773324,0.21680337944091554,0.4237427596589848,0.007123318539691103,0.7639403886866958,0.7313113067149598,0.9638199477282011,0.9972822371222996,0.06413566658652606,0.016855600837802714,0.10133933384751659,0.10325457149489292,True
subgroup_age_50,Age bias (δ=0.5),subgroup_age,0.5,True,0.8673952894249729,0.0784955665102139,0.05410914406481425,0.9458908559351857,0.21785321001775187,0.42635061465914,0.006542528781836868,0.754124979185994,0.7310088792975401,0.8998992129734983,0.9944570550797737,0.06460043786346219,0.03364282208099309,0.21901581269557768,0.22270460311589746,True
subgroup_age_75,Age bias (δ=0.75),subgroup_age,0.75,False,0.8689561213630967,0.07781522267186206,0.05322865596503669,0.9467713440349633,0.22054051165041155,0.43487422103394563,0.01198798136744846,0.7100875377625537,0.7302221395436523,0.6919032041746506,0.9912875248635914,0.0696160240731247,0.05367546262711283,0.3750990065079618,0.379900760880425,True
subgroup_age_100,Age bias (δ=1.0),subgroup_age,1.0,False,0.8715660579337782,0.07702680002603401,0.051407142040203,0.948592857959797,0.22710310711205095,0.6638060803990083,0.028909159650818205,0.5435153072147292,0.7289445176014899,0.14159146542057205,0.986607077243391,0.08368457226186651,0.07932279696401055,0.6360926635761044,0.6397843852217533,False
subgroup_educ_25,Education bias (δ=0.25),subgroup_educ,0.25,False,0.8646968941891338,0.07938245688282858,0.0559206489280489,0.9440793510719511,0.21714197846784364,0.4246904328116122,0.00835403364507114,0.7620422108042532,0.7312830991990494,0.9718241892598848,0.9969179041692829,0.0703756936515091,0.01801134161486126,0.07578713214806201,0.07675640507254014,True
subgroup_educ_50,Education bias (δ=0.5),subgroup_educ,0.5,True,0.8641498672789008,0.07915507501190888,0.056695057709214944,0.9433049422907851,0.21809884541283764,0.4279226444347951,0.00912844242623693,0.7498629249030662,0.7312726017184447,0.9002398107108456,0.9938618576516857,0.0754119170612512,0.023366966964767512,0.1532280102646666,0.15508985108921222,True
subgroup_educ_75,Education bias (δ=0.75),subgroup_educ,0.75,False,0.8635569095273313,0.07893943385254815,0.05750365662013526,0.9424963433798648,0.21945584514281335,0.43506590196382056,0.01661322456965743,0.7305584695164015,0.7306560354086448,0.8223364126228504,0.9910885841737598,0.08108201667718155,0.029780351775718285,0.2340879013566985,0.23670291121252185,True
subgroup_educ_100,Education bias (δ=1.0),subgroup_educ,1.0,False,0.8629136154865648,0.07872867234231894,0.05835771217111984,0.9416422878288802,0.22122295686590712,0.5468964438894803,0.021472839363283053,0.7039876662147054,0.7300404331531861,0.7432988710184455,0.9893066142381111,0.08733024852258474,0.03595080832836133,0.31949345645515614,0.3226593440840364,True
subgroup_sex_25,Sex bias (δ=0.25),subgroup_sex,0.25,False,0.8650149860666575,0.07974260565566844,0.05524240827768093,0.9447575917223191,0.2170560294595837,0.4238482668457029,0.0076757929947028295,0.765512678703109,0.7306873850275933,0.9665321829045018,0.9962331861099428,0.0683134511208718,0.018322757329468545,0.019014523135962857,0.018252387841222184,True
subgroup_sex_40,Sex bias (δ=0.4),subgroup_sex,0.4,True,0.864929322153027,0.07982397673591902,0.05524670111107265,0.9447532988889273,0.21773849437778037,0.4253735344132325,0.009220019244933363,0.761721318299674,0.7305956927480262,0.9290952040962683,0.9936958829120851,0.07091221931327645,0.021644356836927135,0.027580914499014675,0.026401866276004604,True
subgroup_sex_50,Sex bias (δ=0.5),subgroup_sex,0.5,False,0.8648854112611021,0.07988619172541322,0.05522839701346648,0.9447716029865335,0.2183943828281437,0.42715996281628665,0.010914922017531541,0.7535817336282975,0.7302975500165675,0.8574630518120999,0.9919409223890101,0.0732061323192306,0.026207071625721327,0.03197200369150499,0.03053687284998441,True
subgroup_sex_75,Sex bias (δ=0.75),subgroup_sex,0.75,False,0.8648381100810996,0.08008172207422089,0.05508016784468876,0.9449198321553113,0.22088249008537622,0.43653469681789725,0.0215379781158811,0.7244617498037537,0.7291163335085293,0.7221683127030709,0.9891567587471575,0.08101608143051695,0.03803822959316563,0.044963097883883585,0.04079615411328036,True
subgroup_sex_100,Sex bias (δ=1.0),subgroup_sex,1.0,False,0.864944185651249,0.08038575718935752,0.054670057159385776,0.9453299428406142,0.2251825230859783,0.6305669587265315,0.031374102824058135,0.6627103998667905,0.7284150018281327,0.5199401206930202,0.9859501436424057,0.09267524761289961,0.05106995336305122,0.07536660939754664,0.07126969583322873,True
