model,label,family,strength,is_baseline,step,group,drift,ci_lo,ci_hi,abs_drift,is_max_group,max_abs_subgroup_drift
collapse_0.0,Mode collapse (λ=0),collapse,1.0,True,5,age<35,-0.0909534298300818,-0.11143801132787919,-0.06329452485840151,0.0909534298300818,False,0.12419919919919917
collapse_0.0,Mode collapse (λ=0),collapse,1.0,True,5,age35-49,-0.12419919919919917,-0.13922255588922253,-0.10608942275608936,0.12419919919919917,True,0.12419919919919917
collapse_0.0,Mode collapse (λ=0),collapse,1.0,True,5,age50+,0.11891086749285033,0.09093183984747384,0.13929933269780742,0.11891086749285033,False,0.12419919919919917
collapse_0.0,Mode collapse (λ=0),collapse,1.0,True,5,female,-0.031600284495021336,-0.051386913229018484,-0.013812233285917484,0.031600284495021336,False,0.12419919919919917
collapse_0.0,Mode collapse (λ=0),collapse,1.0,True,5,male,-0.04928999684443042,-0.0660224045440202,-0.028952350899337332,0.04928999684443042,False,0.12419919919919917
collapse_0.0,Mode collapse (λ=0),collapse,1.0,True,5,no_univ,-0.010692197906755466,-0.03173763082778304,0.0038177925784966616,0.010692197906755466,False,0.12419919919919917
collapse_0.0,Mode collapse (λ=0),collapse,1.0,True,5,univ,-0.08982793522267205,-0.11217611336032386,-0.07020242914979755,0.08982793522267205,False,0.12419919919919917
collapse_0.25,Collapse λ=0.25,collapse,0.75,False,5,age<35,-0.07043738200125865,-0.09067023285084959,-0.05059786028949028,0.07043738200125865,False,0.09476142809476143
collapse_0.25,Collapse λ=0.25,collapse,0.75,False,5,age35-49,-0.09476142809476143,-0.10784951618284953,-0.08222389055722393,0.09476142809476143,True,0.09476142809476143
collapse_0.25,Collapse λ=0.25,collapse,0.75,False,5,age50+,0.08213775023832222,0.05801954242135369,0.10492135367016206,0.08213775023832222,False,0.09476142809476143
collapse_0.25,Collapse λ=0.25,collapse,0.75,False,5,female,-0.02736130867709815,-0.04018492176386905,-0.011337126600284542,0.02736130867709815,False,0.09476142809476143
collapse_0.25,Collapse λ=0.25,collapse,0.75,False,5,male,-0.04020984537709057,-0.05407857368254972,-0.021339539286841333,0.04020984537709057,False,0.09476142809476143
collapse_0.25,Collapse λ=0.25,collapse,0.75,False,5,no_univ,-0.011554471931493818,-0.027878211227402454,0.002985252140818257,0.011554471931493818,False,0.09476142809476143
collapse_0.25,Collapse λ=0.25,collapse,0.75,False,5,univ,-0.07070850202429149,-0.0867408906882591,-0.05140688259109308,0.07070850202429149,False,0.09476142809476143
collapse_0.5,Half collapse (λ=0.5),collapse,0.5,True,5,age<35,-0.04848961611076148,-0.0663310258023914,-0.021947765890497233,0.04848961611076148,False,0.06594928261594928
collapse_0.5,Half collapse (λ=0.5),collapse,0.5,True,5,age35-49,-0.06594928261594928,-0.07875375375375375,-0.05171838505171844,0.06594928261594928,True,0.06594928261594928
collapse_0.5,Half collapse (λ=0.5),collapse,0.5,True,5,age50+,0.04946377502383222,0.02853908484270731,0.0686963775023833,0.04946377502383222,False,0.06594928261594928
collapse_0.5,Half collapse (λ=0.5),collapse,0.5,True,5,female,-0.022254623044096734,-0.03647937411095316,-0.010960170697012779,0.022254623044096734,False,0.06594928261594928
collapse_0.5,Half collapse (λ=0.5),collapse,0.5,True,5,male,-0.029252130009466713,-0.0414720732092143,-0.01393972862101616,0.029252130009466713,False,0.06594928261594928
collapse_0.5,Half collapse (λ=0.5),collapse,0.5,True,5,no_univ,-0.01050190294957184,-0.021931493815413858,0.004567078972407193,0.01050190294957184,False,0.06594928261594928
collapse_0.5,Half collapse (λ=0.5),collapse,0.5,True,5,univ,-0.051234817813765175,-0.0653036437246963,-0.03723684210526315,0.051234817813765175,False,0.06594928261594928
collapse_0.75,Collapse λ=0.75,collapse,0.25,False,5,age<35,-0.025267463813719304,-0.04285714285714282,-0.012523599748269327,0.025267463813719304,False,0.03274941608274941
collapse_0.75,Collapse λ=0.75,collapse,0.25,False,5,age35-49,-0.03274941608274941,-0.04638805472138801,-0.018935602268935623,0.03274941608274941,True,0.03274941608274941
collapse_0.75,Collapse λ=0.75,collapse,0.25,False,5,age50+,0.0242492850333651,0.010450428979980891,0.04013346043851287,0.0242492850333651,False,0.03274941608274941
collapse_0.75,Collapse λ=0.75,collapse,0.25,False,5,female,-0.012240398293029872,-0.021152204836415424,-0.0032503556187767385,0.012240398293029872,False,0.03274941608274941
collapse_0.75,Collapse λ=0.75,collapse,0.25,False,5,male,-0.01401072893657306,-0.02628589460397605,-0.001467339854843764,0.01401072893657306,False,0.03274941608274941
collapse_0.75,Collapse λ=0.75,collapse,0.25,False,5,no_univ,-0.005036869647954331,-0.013849904852521439,0.01001427212178881,0.005036869647954331,False,0.03274941608274941
collapse_0.75,Collapse λ=0.75,collapse,0.25,False,5,univ,-0.026751012145748976,-0.03807692307692306,-0.0161032388663967,0.026751012145748976,False,0.03274941608274941
collapse_1.0,Collapse λ=1 (проверка тождества),collapse,0.0,False,5,age<35,0.0,0.0,0.0,0.0,True,0.0
collapse_1.0,Collapse λ=1 (проверка тождества),collapse,0.0,False,5,age35-49,0.0,0.0,0.0,0.0,False,0.0
collapse_1.0,Collapse λ=1 (проверка тождества),collapse,0.0,False,5,age50+,0.0,0.0,0.0,0.0,False,0.0
collapse_1.0,Collapse λ=1 (проверка тождества),collapse,0.0,False,5,female,0.0,0.0,0.0,0.0,False,0.0
collapse_1.0,Collapse λ=1 (проверка тождества),collapse,0.0,False,5,male,0.0,0.0,0.0,0.0,False,0.0
collapse_1.0,Collapse λ=1 (проверка тождества),collapse,0.0,False,5,no_univ,0.0,0.0,0.0,0.0,False,0.0
collapse_1.0,Collapse λ=1 (проверка тождества),collapse,0.0,False,5,univ,0.0,0.0,0.0,0.0,False,0.0
persistence_0.0,Persistence 0%,persistence,0.0,False,5,age<35,0.0,0.0,0.0,0.0,True,0.0
persistence_0.0,Persistence 0%,persistence,0.0,False,5,age35-49,0.0,0.0,0.0,0.0,False,0.0
persistence_0.0,Persistence 0%,persistence,0.0,False,5,age50+,0.0,0.0,0.0,0.0,False,0.0
persistence_0.0,Persistence 0%,persistence,0.0,False,5,female,0.0,0.0,0.0,0.0,False,0.0
persistence_0.0,Persistence 0%,persistence,0.0,False,5,male,0.0,0.0,0.0,0.0,False,0.0
persistence_0.0,Persistence 0%,persistence,0.0,False,5,no_univ,0.0,0.0,0.0,0.0,False,0.0
persistence_0.0,Persistence 0%,persistence,0.0,False,5,univ,0.0,0.0,0.0,0.0,False,0.0
persistence_0.25,Persistence 25%,persistence,0.25,False,5,age<35,-0.0029263687853996164,-0.015213971050975508,0.009691629955947101,0.0029263687853996164,False,0.011308388941849382
persistence_0.25,Persistence 25%,persistence,0.25,False,5,age35-49,-0.011086086086086088,-0.01977811144477811,-0.003978978978978999,0.011086086086086088,False,0.011308388941849382
persistence_0.25,Persistence 25%,persistence,0.25,False,5,age50+,-0.011308388941849382,-0.020984270734032435,0.0005243088655862538,0.011308388941849382,True,0.011308388941849382
persistence_0.25,Persistence 25%,persistence,0.25,False,5,female,-0.008826458036984352,-0.014850640113798002,-0.0014224751066856916,0.008826458036984352,False,0.011308388941849382
persistence_0.25,Persistence 25%,persistence,0.25,False,5,male,-0.00964815399179553,-0.016724518775638967,-0.0024850110444935535,0.00964815399179553,False,0.011308388941849382
persistence_0.25,Persistence 25%,persistence,0.25,False,5,no_univ,-0.009348239771646056,-0.01737036156041865,-0.004465984776403392,0.009348239771646056,False,0.011308388941849382
persistence_0.25,Persistence 25%,persistence,0.25,False,5,univ,-0.008917004048582982,-0.01946356275303642,0.00042510121457488997,0.008917004048582982,False,0.011308388941849382
persistence_0.5,Persistence 50%,persistence,0.5,True,5,age<35,-0.008480176211453739,-0.02666771554436751,0.006954059156702334,0.008480176211453739,False,0.023236415633937087
persistence_0.5,Persistence 50%,persistence,0.5,True,5,age35-49,-0.0207957957957958,-0.03081414748081412,-0.01233733733733739,0.0207957957957958,False,0.023236415633937087
persistence_0.5,Persistence 50%,persistence,0.5,True,5,age50+,-0.023236415633937087,-0.03728551000953288,-0.011356053384175332,0.023236415633937087,True,0.023236415633937087
persistence_0.5,Persistence 50%,persistence,0.5,True,5,female,-0.01981507823613087,-0.0276031294452347,-0.007574679943101021,0.01981507823613087,False,0.023236415633937087
persistence_0.5,Persistence 50%,persistence,0.5,True,5,male,-0.017324076995897768,-0.027784790154622898,-0.005995582202587557,0.017324076995897768,False,0.023236415633937087
persistence_0.5,Persistence 50%,persistence,0.5,True,5,no_univ,-0.019624167459562324,-0.02713487155090391,-0.010537583254043784,0.019624167459562324,False,0.023236415633937087
persistence_0.5,Persistence 50%,persistence,0.5,True,5,univ,-0.016831983805668013,-0.02594129554655879,-0.005526315789473701,0.016831983805668013,False,0.023236415633937087
persistence_0.75,Persistence 75%,persistence,0.75,False,5,age<35,-0.01573316551290119,-0.03225298930144751,0.0019351793580869026,0.01573316551290119,False,0.03821496663489038
persistence_0.75,Persistence 75%,persistence,0.75,False,5,age35-49,-0.03239906573239907,-0.043101434768101465,-0.023331664998331694,0.03239906573239907,False,0.03821496663489038
persistence_0.75,Persistence 75%,persistence,0.75,False,5,age50+,-0.03821496663489038,-0.05170400381315542,-0.021413250714966643,0.03821496663489038,True,0.03821496663489038
persistence_0.75,Persistence 75%,persistence,0.75,False,5,female,-0.03039829302987198,-0.044452347083926015,-0.016187766714082452,0.03039829302987198,False,0.03821496663489038
persistence_0.75,Persistence 75%,persistence,0.75,False,5,male,-0.030112022720100984,-0.042000631113916,-0.019927421899652947,0.030112022720100984,False,0.03821496663489038
persistence_0.75,Persistence 75%,persistence,0.75,False,5,no_univ,-0.03221336822074215,-0.04546265461465272,-0.020670789724072255,0.03221336822074215,False,0.03821496663489038
persistence_0.75,Persistence 75%,persistence,0.75,False,5,univ,-0.026892712550607278,-0.03647773279352228,-0.015273279352226783,0.026892712550607278,False,0.03821496663489038
persistence_1.0,Persistence 100%,persistence,1.0,True,5,age<35,-0.02556639395846443,-0.04686910006293264,-0.0042794210195090596,0.02556639395846443,False,0.05610104861773117
persistence_1.0,Persistence 100%,persistence,1.0,True,5,age35-49,-0.043935602268935614,-0.05780780780780784,-0.029254254254254264,0.043935602268935614,False,0.05610104861773117
persistence_1.0,Persistence 100%,persistence,1.0,True,5,age50+,-0.05610104861773117,-0.07436844613918016,-0.03568875119161111,0.05610104861773117,True,0.05610104861773117
persistence_1.0,Persistence 100%,persistence,1.0,True,5,female,-0.04325746799431011,-0.05533428165007111,-0.027830725462304483,0.04325746799431011,False,0.05610104861773117
persistence_1.0,Persistence 100%,persistence,1.0,True,5,male,-0.043531082360366055,-0.0562164720732092,-0.02334332597033771,0.043531082360366055,False,0.05610104861773117
persistence_1.0,Persistence 100%,persistence,1.0,True,5,no_univ,-0.04708016175071361,-0.05804590865842057,-0.03020337773549004,0.04708016175071361,False,0.05610104861773117
persistence_1.0,Persistence 100%,persistence,1.0,True,5,univ,-0.03695344129554655,-0.05231781376518214,-0.02077935222672062,0.03695344129554655,False,0.05610104861773117
shuffle,Shuffle,shuffle,1.0,True,5,age<35,-0.07259282567652611,-0.0918816865953429,-0.047529893014474446,0.07259282567652611,False,0.13646329837940896
shuffle,Shuffle,shuffle,1.0,True,5,age35-49,-0.10734067400734068,-0.12306473139806474,-0.09133299966633295,0.10734067400734068,False,0.13646329837940896
shuffle,Shuffle,shuffle,1.0,True,5,age50+,0.13646329837940896,0.11459723546234507,0.15333651096282178,0.13646329837940896,True,0.13646329837940896
shuffle,Shuffle,shuffle,1.0,True,5,female,-0.015092460881934572,-0.030803698435277353,-0.0006899004267425549,0.015092460881934572,False,0.13646329837940896
shuffle,Shuffle,shuffle,1.0,True,5,male,-0.030829914799621348,-0.044974755443357536,-0.014168507415588567,0.030829914799621348,False,0.13646329837940896
shuffle,Shuffle,shuffle,1.0,True,5,no_univ,0.00752854424357754,-0.0055245004757373565,0.022377497621313053,0.00752854424357754,False,0.13646329837940896
shuffle,Shuffle,shuffle,1.0,True,5,univ,-0.07354251012145749,-0.08720647773279351,-0.05087044534412954,0.07354251012145749,False,0.13646329837940896
subgroup_age_100,Age bias (δ=1.0),subgroup_age,1.0,False,5,age<35,-0.17968848332284457,-0.19578351164254248,-0.16417558212712396,0.17968848332284457,False,0.3664442326024785
subgroup_age_100,Age bias (δ=1.0),subgroup_age,1.0,False,5,age35-49,-0.027844511177844512,-0.03636970303636966,-0.018651985318652007,0.027844511177844512,False,0.3664442326024785
subgroup_age_100,Age bias (δ=1.0),subgroup_age,1.0,False,5,age50+,0.3664442326024785,0.34074118207816967,0.3851525262154433,0.3664442326024785,True,0.3664442326024785
subgroup_age_100,Age bias (δ=1.0),subgroup_age,1.0,False,5,female,0.074651493598862,0.0637055476529161,0.08682076813655769,0.074651493598862,False,0.3664442326024785
subgroup_age_100,Age bias (δ=1.0),subgroup_age,1.0,False,5,male,0.0433654149573998,0.032178920795203556,0.053494793310192496,0.0433654149573998,False,0.3664442326024785
subgroup_age_100,Age bias (δ=1.0),subgroup_age,1.0,False,5,no_univ,0.07564224548049477,0.06393315889628928,0.08898667935299716,0.07564224548049477,False,0.3664442326024785
subgroup_age_100,Age bias (δ=1.0),subgroup_age,1.0,False,5,univ,0.03336032388663969,0.022995951417004078,0.04258097165991904,0.03336032388663969,False,0.3664442326024785
subgroup_age_25,Age bias (δ=0.25),subgroup_age,0.25,False,5,age<35,-0.03667400881057267,-0.046601636249213325,-0.030160478288231592,0.03667400881057267,False,0.05221639656816015
subgroup_age_25,Age bias (δ=0.25),subgroup_age,0.25,False,5,age35-49,-0.002877877877877874,-0.0056973640306973465,0.0016683350016683002,0.002877877877877874,False,0.05221639656816015
subgroup_age_25,Age bias (δ=0.25),subgroup_age,0.25,False,5,age50+,0.05221639656816015,0.04242135367016209,0.060569590085796036,0.05221639656816015,True,0.05221639656816015
subgroup_age_25,Age bias (δ=0.25),subgroup_age,0.25,False,5,female,0.00847795163584637,0.003115220483641515,0.013399715504978706,0.00847795163584637,False,0.05221639656816015
subgroup_age_25,Age bias (δ=0.25),subgroup_age,0.25,False,5,male,0.004054906910697376,-0.0006390028400126257,0.009174818554749144,0.004054906910697376,False,0.05221639656816015
subgroup_age_25,Age bias (δ=0.25),subgroup_age,0.25,False,5,no_univ,0.007760466222645104,0.0026046622264509684,0.012660561370123696,0.007760466222645104,False,0.05221639656816015
subgroup_age_25,Age bias (δ=0.25),subgroup_age,0.25,False,5,univ,0.004068825910931181,-0.0004655870445344044,0.008542510121457554,0.004068825910931181,False,0.05221639656816015
subgroup_age_50,Age bias (δ=0.5),subgroup_age,0.5,True,5,age<35,-0.07699811202013844,-0.09260541220893638,-0.06661422278162375,0.07699811202013844,False,0.11780266920877028
subgroup_age_50,Age bias (δ=0.5),subgroup_age,0.5,True,5,age35-49,-0.007515849182515855,-0.011695028361695095,-0.00331164497831168,0.007515849182515855,False,0.11780266920877028
subgroup_age_50,Age bias (δ=0.5),subgroup_age,0.5,True,5,age50+,0.11780266920877028,0.10518350810295518,0.1320781696854147,0.11780266920877028,True,0.11780266920877028
subgroup_age_50,Age bias (δ=0.5),subgroup_age,0.5,True,5,female,0.020362731152204838,0.013634423897581804,0.028229018492176423,0.020362731152204838,False,0.11780266920877028
subgroup_age_50,Age bias (δ=0.5),subgroup_age,0.5,True,5,male,0.009687598611549376,0.003408015146733959,0.0183180814136952,0.009687598611549376,False,0.11780266920877028
subgroup_age_50,Age bias (δ=0.5),subgroup_age,0.5,True,5,no_univ,0.019130589914367266,0.011602045670789733,0.027384633682207456,0.019130589914367266,False,0.11780266920877028
subgroup_age_50,Age bias (δ=0.5),subgroup_age,0.5,True,5,univ,0.008917004048582994,0.004008097165991831,0.015425101214574844,0.008917004048582994,False,0.11780266920877028
subgroup_age_75,Age bias (δ=0.75),subgroup_age,0.75,False,5,age<35,-0.1223253618628068,-0.13785399622404026,-0.11008495909376964,0.1223253618628068,False,0.21066491897044806
subgroup_age_75,Age bias (δ=0.75),subgroup_age,0.75,False,5,age35-49,-0.014823156489823153,-0.020036703370036695,-0.0099683016349683,0.014823156489823153,False,0.21066491897044806
subgroup_age_75,Age bias (δ=0.75),subgroup_age,0.75,False,5,age50+,0.21066491897044806,0.18586749285033363,0.2264299332697808,0.21066491897044806,True,0.21066491897044806
subgroup_age_75,Age bias (δ=0.75),subgroup_age,0.75,False,5,female,0.03897581792318634,0.030391180654338552,0.047816500711237594,0.03897581792318634,False,0.21066491897044806
subgroup_age_75,Age bias (δ=0.75),subgroup_age,0.75,False,5,male,0.020881981697696426,0.006871252761123436,0.0316345850426002,0.020881981697696426,False,0.21066491897044806
subgroup_age_75,Age bias (δ=0.75),subgroup_age,0.75,False,5,no_univ,0.037981684110371075,0.02586227402473833,0.04600380589914373,0.037981684110371075,False,0.21066491897044806
subgroup_age_75,Age bias (δ=0.75),subgroup_age,0.75,False,5,univ,0.01773279352226721,0.00890688259109318,0.02755060728744934,0.01773279352226721,False,0.21066491897044806
subgroup_educ_100,Education bias (δ=1.0),subgroup_educ,1.0,False,5,age<35,0.0006765261170547626,-0.013876651982378866,0.012602265575833828,0.0006765261170547626,False,0.15699392712550608
subgroup_educ_100,Education bias (δ=1.0),subgroup_educ,1.0,False,5,age35-49,0.0010427093760426998,-0.009417751084417763,0.012062062062062012,0.0010427093760426998,False,0.15699392712550608
subgroup_educ_100,Education bias (δ=1.0),subgroup_educ,1.0,False,5,age50+,0.020579122974261198,0.0055052430886558795,0.029635367016205953,0.020579122974261198,False,0.15699392712550608
subgroup_educ_100,Education bias (δ=1.0),subgroup_educ,1.0,False,5,female,0.02001422475106685,0.008520625889046868,0.03045519203413941,0.02001422475106685,False,0.15699392712550608
subgroup_educ_100,Education bias (δ=1.0),subgroup_educ,1.0,False,5,male,-0.007249921110760499,-0.01676396339539294,0.0006468917639633994,0.007249921110760499,False,0.15699392712550608
subgroup_educ_100,Education bias (δ=1.0),subgroup_educ,1.0,False,5,no_univ,-0.08076236917221695,-0.08661393910561378,-0.0743815413891532,0.08076236917221695,False,0.15699392712550608
subgroup_educ_100,Education bias (δ=1.0),subgroup_educ,1.0,False,5,univ,0.15699392712550608,0.14604251012145752,0.16781376518218621,0.15699392712550608,True,0.15699392712550608
subgroup_educ_25,Education bias (δ=0.25),subgroup_educ,0.25,False,5,age<35,0.0008181246066708781,-0.005050346129641228,0.008196979232221567,0.0008181246066708781,False,0.04254048582995952
subgroup_educ_25,Education bias (δ=0.25),subgroup_educ,0.25,False,5,age35-49,0.0008091424758091381,-0.004020687354020708,0.006723390056723458,0.0008091424758091381,False,0.04254048582995952
subgroup_educ_25,Education bias (δ=0.25),subgroup_educ,0.25,False,5,age50+,0.0010367016205910296,-0.004814108674928555,0.008162535748331784,0.0010367016205910296,False,0.04254048582995952
subgroup_educ_25,Education bias (δ=0.25),subgroup_educ,0.25,False,5,female,0.004580369843527735,-0.0003698435277382336,0.011721194879089626,0.004580369843527735,False,0.04254048582995952
subgroup_educ_25,Education bias (δ=0.25),subgroup_educ,0.25,False,5,male,-0.003218680971915433,-0.009798043546860227,0.0022167876301672075,0.003218680971915433,False,0.04254048582995952
subgroup_educ_25,Education bias (δ=0.25),subgroup_educ,0.25,False,5,no_univ,-0.023531160799238816,-0.027842530922930524,-0.019731208372978058,0.023531160799238816,False,0.04254048582995952
subgroup_educ_25,Education bias (δ=0.25),subgroup_educ,0.25,False,5,univ,0.04254048582995952,0.03518218623481784,0.0498076923076923,0.04254048582995952,True,0.04254048582995952
subgroup_educ_50,Education bias (δ=0.5),subgroup_educ,0.5,True,5,age<35,0.0013530522341095113,-0.0075676526117053914,0.011359345500314592,0.0013530522341095113,False,0.08088056680161945
subgroup_educ_50,Education bias (δ=0.5),subgroup_educ,0.5,True,5,age35-49,0.0012512512512512508,-0.005764097430764081,0.0067650984317651625,0.0012512512512512508,False,0.08088056680161945
subgroup_educ_50,Education bias (δ=0.5),subgroup_educ,0.5,True,5,age50+,0.0034199237368922773,-0.004313632030505199,0.010545757864632938,0.0034199237368922773,False,0.08088056680161945
subgroup_educ_50,Education bias (δ=0.5),subgroup_educ,0.5,True,5,female,0.008641536273115216,0.0013584637268847317,0.01742532005689904,0.008641536273115216,False,0.08088056680161945
subgroup_educ_50,Education bias (δ=0.5),subgroup_educ,0.5,True,5,male,-0.005459135373934998,-0.012677500788892382,0.0003944461975385987,0.005459135373934998,False,0.08088056680161945
subgroup_educ_50,Education bias (δ=0.5),subgroup_educ,0.5,True,5,no_univ,-0.04429709800190295,-0.050903901046622235,-0.038950999048525156,0.04429709800190295,False,0.08088056680161945
subgroup_educ_50,Education bias (δ=0.5),subgroup_educ,0.5,True,5,univ,0.08088056680161945,0.07161943319838061,0.09029352226720641,0.08088056680161945,True,0.08088056680161945
subgroup_educ_75,Education bias (δ=0.75),subgroup_educ,0.75,False,5,age<35,0.0018093140339836473,-0.00572687224669611,0.015213971050975501,0.0018093140339836473,False,0.11955465587044536
subgroup_educ_75,Education bias (δ=0.75),subgroup_educ,0.75,False,5,age35-49,0.0012262262262262235,-0.006723390056723352,0.010677344010677325,0.0012262262262262235,False,0.11955465587044536
subgroup_educ_75,Education bias (δ=0.75),subgroup_educ,0.75,False,5,age50+,0.010474261201143939,0.00029790276453774475,0.02147283126787417,0.010474261201143939,False,0.11955465587044536
subgroup_educ_75,Education bias (δ=0.75),subgroup_educ,0.75,False,5,female,0.014246088193456616,0.0036557610241819945,0.022588904694167862,0.014246088193456616,False,0.11955465587044536
subgroup_educ_75,Education bias (δ=0.75),subgroup_educ,0.75,False,5,male,-0.00680025244556644,-0.01611707163142943,0.0007257810034711239,0.00680025244556644,False,0.11955465587044536
subgroup_educ_75,Education bias (δ=0.75),subgroup_educ,0.75,False,5,no_univ,-0.06329686013320647,-0.07021883920076115,-0.05589319695528068,0.06329686013320647,False,0.11955465587044536
subgroup_educ_75,Education bias (δ=0.75),subgroup_educ,0.75,False,5,univ,0.11955465587044536,0.10966599190283403,0.1295748987854251,0.11955465587044536,True,0.11955465587044536
subgroup_sex_100,Sex bias (δ=1.0),subgroup_sex,1.0,False,5,age<35,0.02013845185651354,0.0043738200125865686,0.03838892385147885,0.02013845185651354,False,0.19965288734616599
subgroup_sex_100,Sex bias (δ=1.0),subgroup_sex,1.0,False,5,age35-49,0.005947614280947614,-0.005689022355689005,0.016116116116116082,0.005947614280947614,False,0.19965288734616599
subgroup_sex_100,Sex bias (δ=1.0),subgroup_sex,1.0,False,5,age50+,0.0438632030505243,0.023164918970447985,0.06258341277407051,0.0438632030505243,False,0.19965288734616599
subgroup_sex_100,Sex bias (δ=1.0),subgroup_sex,1.0,False,5,female,-0.13964438122332862,-0.1499857752489332,-0.1282716927453769,0.13964438122332862,False,0.19965288734616599
subgroup_sex_100,Sex bias (δ=1.0),subgroup_sex,1.0,False,5,male,0.19965288734616599,0.1890107289365731,0.2124092773745661,0.19965288734616599,True,0.19965288734616599
subgroup_sex_100,Sex bias (δ=1.0),subgroup_sex,1.0,False,5,no_univ,0.040051141769743094,0.02900214081826832,0.04863225499524265,0.040051141769743094,False,0.19965288734616599
subgroup_sex_100,Sex bias (δ=1.0),subgroup_sex,1.0,False,5,univ,-0.01105263157894736,-0.02470647773279352,0.0008299595141700272,0.01105263157894736,False,0.19965288734616599
subgroup_sex_25,Sex bias (δ=0.25),subgroup_sex,0.25,False,5,age<35,0.0021711768407803645,-0.0057111390811831,0.00881057268722463,0.0021711768407803645,False,0.04111707163142947
subgroup_sex_25,Sex bias (δ=0.25),subgroup_sex,0.25,False,5,age35-49,0.0008425091758424957,-0.0036953620286953896,0.005363697030363686,0.0008425091758424957,False,0.04111707163142947
subgroup_sex_25,Sex bias (δ=0.25),subgroup_sex,0.25,False,5,age50+,-0.001096282173498561,-0.008150619637750278,0.007173498570066696,0.001096282173498561,False,0.04111707163142947
subgroup_sex_25,Sex bias (δ=0.25),subgroup_sex,0.25,False,5,female,-0.03602418207681366,-0.04296586059743958,-0.03184921763869128,0.03602418207681366,False,0.04111707163142947
subgroup_sex_25,Sex bias (δ=0.25),subgroup_sex,0.25,False,5,male,0.04111707163142947,0.03523982328810344,0.04861943830861474,0.04111707163142947,True,0.04111707163142947
subgroup_sex_25,Sex bias (δ=0.25),subgroup_sex,0.25,False,5,no_univ,0.0037583254043767806,-0.0011952901998096232,0.00909847764034246,0.0037583254043767806,False,0.04111707163142947
subgroup_sex_25,Sex bias (δ=0.25),subgroup_sex,0.25,False,5,univ,-0.004979757085020231,-0.010708502024291421,0.0012550607287449144,0.004979757085020231,False,0.04111707163142947
subgroup_sex_40,Sex bias (δ=0.4),subgroup_sex,0.4,True,5,age<35,0.005254877281309004,-0.0038231592196350055,0.01510383889238509,0.005254877281309004,False,0.06716629851688229
subgroup_sex_40,Sex bias (δ=0.4),subgroup_sex,0.4,True,5,age35-49,0.001209542876209549,-0.004337671004337684,0.00638972305638969,0.001209542876209549,False,0.06716629851688229
subgroup_sex_40,Sex bias (δ=0.4),subgroup_sex,0.4,True,5,age50+,0.0015014299332697738,-0.009652049571020007,0.01149904671115351,0.0015014299332697738,False,0.06716629851688229
subgroup_sex_40,Sex bias (δ=0.4),subgroup_sex,0.4,True,5,female,-0.056251778093883355,-0.06317923186344236,-0.05091038406827883,0.056251778093883355,False,0.06716629851688229
subgroup_sex_40,Sex bias (δ=0.4),subgroup_sex,0.4,True,5,male,0.06716629851688229,0.0589065951404229,0.07608867150520665,0.06716629851688229,True,0.06716629851688229
subgroup_sex_40,Sex bias (δ=0.4),subgroup_sex,0.4,True,5,no_univ,0.007659372026641284,0.0006481921979068358,0.014052093244529077,0.007659372026641284,False,0.06716629851688229
subgroup_sex_40,Sex bias (δ=0.4),subgroup_sex,0.4,True,5,univ,-0.007095141700404853,-0.015951417004048524,-0.0007388663967611243,0.007095141700404853,False,0.06716629851688229
subgroup_sex_50,Sex bias (δ=0.5),subgroup_sex,0.5,False,5,age<35,0.007032724984266839,-0.0031780994336060324,0.017039018250471997,0.007032724984266839,False,0.0855317134742821
subgroup_sex_50,Sex bias (δ=0.5),subgroup_sex,0.5,False,5,age35-49,0.0014431097764431105,-0.007007007007006963,0.008366700033366732,0.0014431097764431105,False,0.0855317134742821
subgroup_sex_50,Sex bias (δ=0.5),subgroup_sex,0.5,False,5,age50+,0.00482602478551,-0.010521925643469926,0.017683508102955117,0.00482602478551,False,0.0855317134742821
subgroup_sex_50,Sex bias (δ=0.5),subgroup_sex,0.5,False,5,female,-0.0698221906116643,-0.07969416785206258,-0.06283783783783785,0.0698221906116643,False,0.0855317134742821
subgroup_sex_50,Sex bias (δ=0.5),subgroup_sex,0.5,False,5,male,0.0855317134742821,0.07601767118964971,0.09594509308930257,0.0855317134742821,True,0.0855317134742821
subgroup_sex_50,Sex bias (δ=0.5),subgroup_sex,0.5,False,5,no_univ,0.010906279733587057,0.00255708848715506,0.017376308277830637,0.010906279733587057,False,0.0855317134742821
subgroup_sex_50,Sex bias (δ=0.5),subgroup_sex,0.5,False,5,univ,-0.00838056680161943,-0.019129554655870438,-0.00075910931174088,0.00838056680161943,False,0.0855317134742821
subgroup_sex_75,Sex bias (δ=0.75),subgroup_sex,0.75,False,5,age<35,0.012240402769037137,-0.0031780994336060324,0.024590937696664598,0.012240402769037137,False,0.13738561060271376
subgroup_sex_75,Sex bias (δ=0.75),subgroup_sex,0.75,False,5,age35-49,0.0035201868535201853,-0.005689022355689005,0.011745078411745035,0.0035201868535201853,False,0.13738561060271376
subgroup_sex_75,Sex bias (δ=0.75),subgroup_sex,0.75,False,5,age50+,0.018898951382268818,-0.0006315538608198107,0.034115824594852226,0.018898951382268818,False,0.13738561060271376
subgroup_sex_75,Sex bias (δ=0.75),subgroup_sex,0.75,False,5,female,-0.10404694167852065,-0.1155689900426743,-0.09613798008534853,0.10404694167852065,False,0.13738561060271376
subgroup_sex_75,Sex bias (δ=0.75),subgroup_sex,0.75,False,5,male,0.13738561060271376,0.1280135689491953,0.14961344272641203,0.13738561060271376,True,0.13738561060271376
subgroup_sex_75,Sex bias (δ=0.75),subgroup_sex,0.75,False,5,no_univ,0.022728353948620366,0.011887488106565102,0.030470980019029554,0.022728353948620366,False,0.13738561060271376
subgroup_sex_75,Sex bias (δ=0.75),subgroup_sex,0.75,False,5,univ,-0.01071862348178138,-0.023502024291497996,0.0008299595141701327,0.01071862348178138,False,0.13738561060271376
