model,label,family,strength,is_baseline,step,surv_drift,surv_lo,surv_hi,dj_step_drift,dj_step_lo,dj_step_hi,nojob_step_drift,nojob_step_lo,nojob_step_hi,surv_age<35_drift,surv_age<35_lo,surv_age<35_hi,surv_age35-49_drift,surv_age35-49_lo,surv_age35-49_hi,surv_age50+_drift,surv_age50+_lo,surv_age50+_hi,surv_female_drift,surv_female_lo,surv_female_hi,surv_male_drift,surv_male_lo,surv_male_hi,surv_no_univ_drift,surv_no_univ_lo,surv_no_univ_hi,surv_univ_drift,surv_univ_lo,surv_univ_hi,max_abs_subgroup_drift,max_subgroup
collapse_0.0,Mode collapse (λ=0),collapse,1.0,True,1,-0.0010323159784560026,-0.008292190305206412,0.006732495511669656,-0.0005124177139437473,-0.00586475164572113,0.0031455715140634353,0.0010323159784560128,-0.006732495511669656,0.008292190305206462,-0.004043423536815613,-0.01716488357457521,0.00822844556324737,-0.02608441775108441,-0.03447614280947615,-0.01663329996663326,0.03703527168732126,0.024153956148713074,0.04580552907530983,0.0006116642958748197,-0.009260312944523551,0.01138691322901843,-0.00285579047017987,-0.011076049226885482,0.008283370148311717,0.01035323501427211,0.0032171741198857634,0.020290199809705034,-0.02037449392712551,-0.02793522267206483,-0.013329959514170025,0.03703527168732126,age50+
collapse_0.0,Mode collapse (λ=0),collapse,1.0,True,2,-0.013865200478755233,-0.024345451825254348,-0.0029548174745661427,0.012994469827385951,0.008473467572474792,0.01651980677160147,0.013776238846943373,0.006640745547936167,0.020464907467024385,-0.028697293895531783,-0.04786028949024546,-0.010698552548772833,-0.058942275608942274,-0.07007841174507838,-0.045904237570904206,0.061761201143946606,0.04621067683508103,0.07771687321258339,-0.00984352773826458,-0.022567567567567583,0.002361308677098218,-0.018325970337645953,-0.03251025560113609,-0.005680025244556683,0.0037999524262607026,-0.008480019029495677,0.017626070409134182,-0.043977732793522274,-0.05426113360323889,-0.0347368421052632,0.061761201143946606,age50+
collapse_0.0,Mode collapse (λ=0),collapse,1.0,True,3,-0.027060891681627765,-0.03717085577498498,-0.01627767803710363,0.01798434242831711,0.013496053017990159,0.022708006036069917,0.015856537068882688,0.01113342896031934,0.020496795390555832,-0.05399622404027691,-0.07488986784140972,-0.03708307111390813,-0.08999833166499834,-0.10248581915248584,-0.07369035702369037,0.08324594852240229,0.06625357483317451,0.10537416587225928,-0.020270270270270275,-0.031365576102418226,-0.0048079658605973425,-0.034592931524140114,-0.04900599558220268,-0.021378983906595192,-0.003681018078020931,-0.019166270218839276,0.012618934348239779,-0.06682186234817815,-0.07984817813765183,-0.054230769230769145,0.08999833166499834,age35-49
collapse_0.0,Mode collapse (λ=0),collapse,1.0,True,4,-0.03972546379413525,-0.05344479353680434,-0.028631807301017446,0.021552089721521474,0.015805208722023876,0.026517844561103295,0.01705787498100203,0.009373657152388689,0.02203877955141971,-0.07929515418502203,-0.10135305223410951,-0.055207677784770245,-0.11914414414414413,-0.13448448448448444,-0.1037037037037037,0.1036939942802669,0.07951620591039087,0.12583412774070535,-0.03041251778093883,-0.0444238975817923,-0.016166429587482167,-0.050055222467655404,-0.06637740612180504,-0.036170716314294735,-0.011822074215033295,-0.02797335870599427,0.004799000951474775,-0.08715587044534413,-0.10572874493927124,-0.073168016194332,0.11914414414414413,age35-49
collapse_0.0,Mode collapse (λ=0),collapse,1.0,True,5,-0.050149611011370464,-0.06347621184919218,-0.03751122082585277,0.026279955233845898,0.02132489821526938,0.03323487151814001,0.016125162230376845,0.008359901961954857,0.023027752669533438,-0.10460981749528005,-0.12902769037130274,-0.07610132158590316,-0.14412746079412747,-0.16222055388722056,-0.13002168835502165,0.12534556720686368,0.10039323164918965,0.14831982840800761,-0.038805120910384086,-0.05271692745376961,-0.02129445234708396,-0.06273272325654781,-0.07901546229094356,-0.04604764910066269,-0.018512131303520453,-0.03421146527117023,-0.0028246907706945728,-0.10397773279352229,-0.12763157894736846,-0.08447368421052635,0.14412746079412747,age35-49
collapse_0.25,Collapse λ=0.25,collapse,0.75,False,1,-0.0006321065230400879,-0.006597845601436244,0.00688210652304011,-0.00021693596648713134,-0.004507031717534414,0.003456014362657084,0.0006321065230400937,-0.006882106523040089,0.006597845601436265,-0.0034612964128382636,-0.017621145374449365,0.006356198867212175,-0.019452786119452784,-0.026401401401401365,-0.007974641307974683,0.02839609151572926,0.017051954242135306,0.03634413727359381,0.0002062588904694185,-0.007994310099573246,0.010028449502133694,-0.0015620069422530801,-0.009821710318712545,0.005506468917639612,0.008004281636536617,-0.0002676022835395141,0.017637963843958052,-0.015334008097165997,-0.021862348178137703,-0.009301619433198328,0.02839609151572926,age50+
collapse_0.25,Collapse λ=0.25,collapse,0.75,False,2,-0.010996409335727106,-0.020564033512866463,-0.0010023937761819393,0.010223267116617555,0.005944544352300573,0.014035201041921602,0.011110620222202569,0.0037637460561147982,0.01771894436340211,-0.022183763373190685,-0.03904971680302083,-0.004955947136563933,-0.04422756089422756,-0.05508008008008006,-0.033466800133466826,0.044947569113441374,0.031446615824594834,0.05863918017159199,-0.008605974395448076,-0.01823613086770976,0.0022972972972972617,-0.013647838434837495,-0.027492899968444236,0.0015856737141053535,0.00203377735490011,-0.012149143672692733,0.014325642245480576,-0.03324898785425101,-0.047378542510121496,-0.024676113360323885,0.044947569113441374,age50+
collapse_0.25,Collapse λ=0.25,collapse,0.75,False,3,-0.022146169958108912,-0.032364602034709804,-0.013158288450029882,0.013930285927086722,0.010810188795087078,0.017412948501161388,0.013310559652452713,0.008921329127589389,0.019396671763786257,-0.041126494650723724,-0.056120201384518634,-0.02567652611705472,-0.06851017684351018,-0.08082248915582256,-0.05434601267934601,0.058460438512869396,0.0436963775023832,0.0697211630123928,-0.018029871977240396,-0.02894025604551918,-0.007375533428164952,-0.026711896497317766,-0.040446513095613736,-0.015762070053644692,-0.004828734538534729,-0.01883325404376778,0.005256898192197952,-0.05162955465587045,-0.06845141700404857,-0.04112348178137656,0.06851017684351018,age35-49
collapse_0.25,Collapse λ=0.25,collapse,0.75,False,4,-0.033333333333333326,-0.04581837223219623,-0.022269599042489537,0.016905379397871824,0.011123504342516116,0.02249195517412731,0.01487552677225037,0.009498323262957055,0.020073100301337944,-0.0605412208936438,-0.07684078036500942,-0.03769666456891129,-0.09212545879212546,-0.10619786453119792,-0.07739406072739409,0.07125834127740706,0.04830791229742604,0.08598665395614873,-0.027524893314366992,-0.03849217638691322,-0.01674964438122332,-0.03977595455979803,-0.056208583149258425,-0.025812559166929608,-0.012898430066603229,-0.028639391056136963,0.0002438154138915568,-0.06813765182186235,-0.0830870445344129,-0.05419028340080974,0.09212545879212546,age35-49
collapse_0.25,Collapse λ=0.25,collapse,0.75,False,5,-0.04289347695990427,-0.056257480550568555,-0.03141831238779169,0.02033270532154547,0.015358378909432278,0.02436623199870193,0.014471793425328377,0.00669643779585569,0.019946322353123474,-0.08038074260541221,-0.09946507237256141,-0.05468848332284459,-0.11236236236236234,-0.1276443109776443,-0.09527861194527858,0.08473546234509056,0.06346520495710192,0.10633937082936136,-0.03571834992887625,-0.04952347083926028,-0.023790896159317294,-0.05085200378668351,-0.0670085200378668,-0.03437204165351845,-0.0196836346336822,-0.03619172216936245,-0.007582064700285431,-0.08246963562753036,-0.09967611336032398,-0.06462550607287455,0.11236236236236234,age35-49
collapse_0.5,Half collapse (λ=0.5),collapse,0.5,True,1,-0.00038898862956314174,-0.005857271095152608,0.006033064033512883,-7.106523040095805e-05,-0.0031455715140634357,0.004039497307001788,0.0003889886295631341,-0.006033064033512861,0.005857271095152593,-0.002359974826935182,-0.015780365009439863,0.01197293895531776,-0.012487487487487481,-0.020378712045378698,-0.004279279279279186,0.018386558627264064,0.009949952335557649,0.02780028598665395,-0.0006330014224751046,-0.007510668563300085,0.007724039829303003,-0.00011833385926159346,-0.008527926790785744,0.0064373619438309005,0.0054828734538534705,-0.0019207897240723082,0.012910323501427134,-0.010414979757085024,-0.01822874493927126,-0.004858299595141724,0.018386558627264064,age50+
collapse_0.5,Half collapse (λ=0.5),collapse,0.5,True,2,-0.007951825254338718,-0.01751570915619391,-0.00039646918013171184,0.006963023061288956,0.003907944629535746,0.01009877940775596,0.00810045523169949,0.0032778927616967848,0.015023127364286765,-0.016252359974826932,-0.035950283196979196,0.002517306482064166,-0.02903737070403737,-0.03871371371371373,-0.019219219219219232,0.028455672068636795,0.016158245948522373,0.038167302192564416,-0.0068065433854907625,-0.017958748221906094,0.002091038406827872,-0.009222152098453774,-0.02083464815399184,0.0009624487219943792,0.00040437678401522293,-0.009770456707897252,0.009157944814462343,-0.022257085020242918,-0.03443319838056685,-0.015779352226720587,0.02903737070403737,age35-49
collapse_0.5,Half collapse (λ=0.5),collapse,0.5,True,3,-0.01667040694195092,-0.02399386594853379,-0.009997755834829487,0.009142360735024304,0.006599475295520033,0.012298542818656742,0.010337283641039679,0.005946422929536829,0.015832452229411518,-0.02951541850220264,-0.04971680302076775,-0.00997482693517947,-0.04647147147147147,-0.058400066733400084,-0.03624457791124465,0.03562917063870352,0.02285510009532895,0.04484032411820787,-0.014274537695590322,-0.024224751066856266,-0.001984352773826454,-0.019327863679394125,-0.030041022404543972,-0.005041022404544058,-0.005530447193149379,-0.013427687916270198,0.002152711703139889,-0.03561740890688261,-0.04953441295546559,-0.027054655870445306,0.04647147147147147,age35-49
collapse_0.5,Half collapse (λ=0.5),collapse,0.5,True,4,-0.024805505685218422,-0.03249925194494311,-0.016008378216636806,0.011780292369016851,0.007492684017483989,0.016765242822013842,0.010780485675986058,0.0059993893380314404,0.016871639793302338,-0.04229074889867841,-0.06362492133417243,-0.020091252359974825,-0.06294627961294627,-0.07614280947614287,-0.05204371037704376,0.04292183031458531,0.028312678741658694,0.054385128693994214,-0.02104551920341394,-0.03072546230440965,-0.008790896159317217,-0.028976017671189635,-0.04137740612180502,-0.01591984853266011,-0.011173882017126538,-0.02269862036156046,-0.0002081351094196288,-0.0480161943319838,-0.06168016194331984,-0.03318825910931181,0.06294627961294627,age35-49
collapse_0.5,Half collapse (λ=0.5),collapse,0.5,True,5,-0.03236086175942552,-0.04236609814482344,-0.025067324955116706,0.014228818125014881,0.010271013237908215,0.018143183789163516,0.011213916206090488,0.0049325914247335305,0.01646264141848148,-0.05638766519823788,-0.07507866582756453,-0.03458149779735675,-0.0774024024024024,-0.09220053386720056,-0.06202869536202874,0.05017874165872259,0.03782173498570063,0.06352478551000958,-0.027119487908961588,-0.04160028449502131,-0.015931721194879067,-0.038174502997791106,-0.05018933417481855,-0.022262543389081742,-0.01642483349191246,-0.030488820171265522,-0.004727640342530916,-0.05952429149797571,-0.07651821862348174,-0.04409919028340079,0.0774024024024024,age35-49
collapse_0.75,Collapse λ=0.75,collapse,0.25,False,1,-0.00010472770795930398,-0.004649162178336302,0.004357420706164024,-0.00015335128665469876,-0.0027004787552363896,0.0027004787552363757,0.00010472770795930431,-0.0043574207061639735,0.004649162178336317,-0.0014946507237256156,-0.010761485210824437,0.008810572687224627,-0.006181181181181178,-0.011353019686352986,0.0,0.00962821734985701,0.0033126787416587118,0.016217826501429906,-0.00023470839260313346,-0.006266002844950283,0.005697012802275983,3.9444619753850606e-05,-0.006003471126538332,0.006334805932470856,0.0027414367269267188,-0.0035918173168410727,0.008331351094195963,-0.004999999999999999,-0.010971659919028256,0.0036740890688259542,0.00962821734985701,age50+
collapse_0.75,Collapse λ=0.75,collapse,0.25,False,2,-0.004076900059844404,-0.009649910233393169,0.0004039497307000979,0.003687588590232024,0.0008599400735621464,0.005767890246957783,0.004247769954246157,0.0012187914431580954,0.007418855947769479,-0.00895217117684079,-0.019572057898049066,0.002548772813089965,-0.014581247914581253,-0.02146312979646309,-0.007599265932599318,0.014621067683508095,0.0047664442326025265,0.020984270734032435,-0.0033428165007112374,-0.009694167852062499,0.00520625889046939,-0.004891132849479329,-0.012062164720732179,0.002224676554117979,1.1893434823992411e-05,-0.008111322549952357,0.006916032350142736,-0.011082995951417002,-0.019443319838056663,-0.0050607287449393,0.014621067683508095,age50+
collapse_0.75,Collapse λ=0.75,collapse,0.25,False,3,-0.008718581687612198,-0.013767953321364481,-0.0026593357271094955,0.004733126874541893,0.001988327029311959,0.008487630815710344,0.005472531632168753,0.0018561712457006432,0.009129010886235677,-0.015528634361233487,-0.029578351164254224,-0.003681560730018898,-0.023448448448448435,-0.031064397731064362,-0.013963963963963983,0.017480934223069594,0.008555767397521475,0.024416110581506202,-0.007489331436699867,-0.014864864864864968,0.002034139402560448,-0.010082044809088036,-0.018381192805301386,2.3666771852316792e-05,-0.0031814938154138828,-0.012155090390104725,0.005250951474785963,-0.018157894736842116,-0.026730769230769304,-0.008400809716599261,0.023448448448448435,age35-49
collapse_0.75,Collapse λ=0.75,collapse,0.25,False,4,-0.013378964691801313,-0.01948309395571505,-0.005348593656493075,0.005957733684458878,0.0033900566348429983,0.009280543197838048,0.006065827921130365,0.001544861880420817,0.009582511464848509,-0.022655758338577726,-0.04095342983008183,-0.007473253618628099,-0.03207374040707374,-0.040757424090757506,-0.021646646646646714,0.020352716873212575,0.01166587225929458,0.027836034318398466,-0.011706970128022756,-0.019957325746799405,-0.0005192034139401974,-0.015233512148942877,-0.024053329125907186,-0.004615020511202259,-0.006814938154138905,-0.016430780209324456,0.0038594196003806894,-0.024574898785425105,-0.03415991902834013,-0.010111336032388701,0.03207374040707374,age35-49
collapse_0.75,Collapse λ=0.75,collapse,0.25,False,5,-0.0177850089766607,-0.023488928785158625,-0.010603680430879715,0.007653635162728092,0.004755668451475883,0.01078488651679424,0.006379082009111356,0.001901067175448282,0.00948477737019522,-0.030758338577721846,-0.04619257394587798,-0.01195720578980497,-0.04001501501501501,-0.05209376042709381,-0.02997997997998008,0.02379647283126788,0.012762154432793119,0.031970924690181195,-0.015440967283072548,-0.02480796586059742,-0.0031294452347084807,-0.02038497948879774,-0.02938624171662991,-0.005277690123067205,-0.009770456707897234,-0.018815413891531924,-0.001385585156993393,-0.031497975708502025,-0.04294534412955466,-0.019777327935222654,0.04001501501501501,age35-49
collapse_1.0,Collapse λ=1 (проверка тождества),collapse,0.0,False,1,0.0,0.0,0.0,0.0,0.0,0.0,0.0,0.0,0.0,0.0,0.0,0.0,0.0,0.0,0.0,0.0,0.0,0.0,0.0,0.0,0.0,0.0,0.0,0.0,0.0,0.0,0.0,0.0,0.0,0.0,0.0,age<35
collapse_1.0,Collapse λ=1 (проверка тождества),collapse,0.0,False,2,0.0,0.0,0.0,0.0,0.0,0.0,0.0,0.0,0.0,0.0,0.0,0.0,0.0,0.0,0.0,0.0,0.0,0.0,0.0,0.0,0.0,0.0,0.0,0.0,0.0,0.0,0.0,0.0,0.0,0.0,0.0,age<35
collapse_1.0,Collapse λ=1 (проверка тождества),collapse,0.0,False,3,0.0,0.0,0.0,0.0,0.0,0.0,0.0,0.0,0.0,0.0,0.0,0.0,0.0,0.0,0.0,0.0,0.0,0.0,0.0,0.0,0.0,0.0,0.0,0.0,0.0,0.0,0.0,0.0,0.0,0.0,0.0,age<35
collapse_1.0,Collapse λ=1 (проверка тождества),collapse,0.0,False,4,0.0,0.0,0.0,0.0,0.0,0.0,0.0,0.0,0.0,0.0,0.0,0.0,0.0,0.0,0.0,0.0,0.0,0.0,0.0,0.0,0.0,0.0,0.0,0.0,0.0,0.0,0.0,0.0,0.0,0.0,0.0,age<35
collapse_1.0,Collapse λ=1 (проверка тождества),collapse,0.0,False,5,0.0,0.0,0.0,0.0,0.0,0.0,0.0,0.0,0.0,0.0,0.0,0.0,0.0,0.0,0.0,0.0,0.0,0.0,0.0,0.0,0.0,0.0,0.0,0.0,0.0,0.0,0.0,0.0,0.0,0.0,0.0,age<35
persistence_0.0,Persistence 0%,persistence,0.0,False,1,0.0,0.0,0.0,0.0,0.0,0.0,0.0,0.0,0.0,0.0,0.0,0.0,0.0,0.0,0.0,0.0,0.0,0.0,0.0,0.0,0.0,0.0,0.0,0.0,0.0,0.0,0.0,0.0,0.0,0.0,0.0,age<35
persistence_0.0,Persistence 0%,persistence,0.0,False,2,0.0,0.0,0.0,0.0,0.0,0.0,0.0,0.0,0.0,0.0,0.0,0.0,0.0,0.0,0.0,0.0,0.0,0.0,0.0,0.0,0.0,0.0,0.0,0.0,0.0,0.0,0.0,0.0,0.0,0.0,0.0,age<35
persistence_0.0,Persistence 0%,persistence,0.0,False,3,0.0,0.0,0.0,0.0,0.0,0.0,0.0,0.0,0.0,0.0,0.0,0.0,0.0,0.0,0.0,0.0,0.0,0.0,0.0,0.0,0.0,0.0,0.0,0.0,0.0,0.0,0.0,0.0,0.0,0.0,0.0,age<35
persistence_0.0,Persistence 0%,persistence,0.0,False,4,0.0,0.0,0.0,0.0,0.0,0.0,0.0,0.0,0.0,0.0,0.0,0.0,0.0,0.0,0.0,0.0,0.0,0.0,0.0,0.0,0.0,0.0,0.0,0.0,0.0,0.0,0.0,0.0,0.0,0.0,0.0,age<35
persistence_0.0,Persistence 0%,persistence,0.0,False,5,0.0,0.0,0.0,0.0,0.0,0.0,0.0,0.0,0.0,0.0,0.0,0.0,0.0,0.0,0.0,0.0,0.0,0.0,0.0,0.0,0.0,0.0,0.0,0.0,0.0,0.0,0.0,0.0,0.0,0.0,0.0,age<35
persistence_0.25,Persistence 25%,persistence,0.25,False,1,-0.0002692998204667979,-0.003007181328545791,0.002393776181926932,-9.35068821065227e-05,-0.002408737283064031,0.0020945541591861076,0.0002692998204667847,-0.0023937761819269876,0.0030071813285457772,0.0033196979232221506,-0.005097545626180041,0.010147891755821266,-0.0009592926259592959,-0.005764097430764189,0.002027027027027091,-0.002001906577693044,-0.008174451858913292,0.0043136320305052,-0.00034139402560455224,-0.0028591749644381326,0.002283072546230516,-0.00018933417481855618,-0.005048911328494723,0.0038340170400757603,0.0002973358705994272,-0.00334800190294951,0.004097288296860041,-0.0012044534412955499,-0.004888663967611359,0.003238866396761078,0.0033196979232221506,age<35
persistence_0.25,Persistence 25%,persistence,0.25,False,2,-0.0030483243566726435,-0.007203770197486581,0.0018140335128665297,0.002692331908305119,0.0004841744820303168,0.004983958535661811,0.0029827779698498444,-0.00030377050836310706,0.006669519612858875,0.0025330396475770874,-0.009471365638766499,0.009518565135305197,-0.0039539539539539485,-0.010368702035368691,0.001393059726393136,-0.0059818875119161145,-0.014394661582459525,0.0028956148713060108,-0.0029871977240398333,-0.006856330014224757,0.0043029871977240015,-0.0031161249605553944,-0.007620700536446884,0.002524455664247305,-0.0033955756422454687,-0.009080637488106605,0.004085394862036174,-0.002489878542510121,-0.008147773279352299,0.0012449392712550367,0.0059818875119161145,age50+
persistence_0.25,Persistence 25%,persistence,0.25,False,3,-0.006044284859365645,-0.010656044284859367,0.0004600538599640346,0.004173484937293363,0.0013601141491887982,0.007168424167407606,0.0035526998739527594,-0.0001702280485725912,0.007078905317738039,-0.00015733165512900882,-0.0132787916928886,0.01200440528634356,-0.006664998331665004,-0.015031698365031692,0.0004421087754420927,-0.009616301239275496,-0.01789799809342223,0.0004885605338417358,-0.006017069701280231,-0.010817923186344239,0.0031436699857752292,-0.006074471442095289,-0.012014831177027435,-0.0006232249921110827,-0.006737630827783056,-0.013594196003805903,-0.0005768315889628723,-0.00492914979757085,-0.012955465587044523,0.0008906882591092939,0.009616301239275496,age50+
persistence_0.25,Persistence 25%,persistence,0.25,False,4,-0.008718581687612206,-0.01244389587073618,-0.002685517654099426,0.005812180101818902,0.002100149003341731,0.010260201950441214,0.003526950165225996,0.00042599880174443557,0.007396580822793456,-0.00276903713027061,-0.016393958464443033,0.008842039018250428,-0.009317650984317647,-0.019369369369369376,-0.001309642976309615,-0.012368922783603428,-0.023415157292659614,-0.003336510962821726,-0.008534850640113788,-0.014238975817923136,-0.0002418207681365272,-0.008922372988324382,-0.01609340485957711,-0.0034711265383401413,-0.009972645099904847,-0.015318744053282563,-0.003264747859181786,-0.006670040485829959,-0.012560728744939267,0.004463562753036359,0.012368922783603428,age50+
persistence_0.25,Persistence 25%,persistence,0.25,False,5,-0.011389138240574517,-0.01676017354877323,-0.005973219628964714,0.006050496502824311,0.002783651403094241,0.009430108357276616,0.0038827520300185906,0.0005866274829069255,0.0077120546335452825,-0.005176211453744495,-0.018266205160478333,0.00822844556324737,-0.012095428762095425,-0.021755088421755046,-0.0030030030030030437,-0.015085795996186849,-0.023987130600572004,-0.006673021925643452,-0.010967283072546241,-0.01742532005689893,-0.0022332859174964133,-0.011857052698011999,-0.019887977279899008,-0.005033133480593286,-0.01298168411037107,-0.019790675547097944,-0.0057088487155090295,-0.008734817813765186,-0.016214574898785358,0.0012955465587044255,0.015085795996186849,age50+
persistence_0.5,Persistence 50%,persistence,0.5,True,1,-0.0008004189108318377,-0.005857271095152608,0.003601885098743237,-0.0002057151406343518,-0.0030034410532615175,0.003456014362657084,0.0008004189108318351,-0.0036018850987432644,0.0058572710951526,0.005868470736312156,-0.0007551919446192764,0.014553178099433635,-0.0013346680013346629,-0.0067067067067066695,0.003386720053386752,-0.00508817921830314,-0.012869399428026677,0.0029313632030505284,-0.0009601706970128049,-0.005419630156472316,0.004843527738264589,-0.0006232249921110822,-0.009798043546860227,0.006311139160618431,5.946717411987601e-05,-0.007641531874405316,0.005792102759276863,-0.0022267206477732866,-0.007763157894736924,0.0036639676113360766,0.005868470736312156,age<35
persistence_0.5,Persistence 50%,persistence,0.5,True,2,-0.006549222022740861,-0.012593506882106526,-0.001776630760023924,0.005524693487116658,0.0020551162521624633,0.008603370608019955,0.006188233093430714,0.002536978400259856,0.010911527851428977,0.0027218376337318994,-0.005679672750157299,0.013971050975456265,-0.006373039706373032,-0.0127210543877211,0.002027027027026983,-0.013822688274547199,-0.02438036224976169,-0.0065419447092468904,-0.006849217638691324,-0.013982930298719753,0.0014295874822191185,-0.0062164720732092145,-0.016756074471442055,0.0019485642158409695,-0.006577069457659357,-0.017150333016175044,3.568030447193079e-05,-0.0064878542510121455,-0.014635627530364334,0.00044534412955464834,0.013822688274547199,age50+
persistence_0.5,Persistence 50%,persistence,0.5,True,3,-0.012724416517055645,-0.017972022740873686,-0.006283662477558294,0.00791514703751774,0.005145700903753867,0.011962364595176543,0.007359391840972798,0.0033838255308268708,0.012248067741540296,-0.0014317180616740172,-0.015135305223411003,0.015135305223410892,-0.012879546212879539,-0.0246996996996997,-0.006606606606606572,-0.021055767397521453,-0.03533126787416582,-0.010915157292659619,-0.012091038406827886,-0.01963015647226174,-0.0016927453769559322,-0.01342694856421584,-0.023998106658251885,-0.0047254654465130755,-0.013885585156993336,-0.022454804947668904,-0.0061726926736440845,-0.010748987854251013,-0.01866396761133603,-0.001902834008097247,0.021055767397521453,age50+
persistence_0.5,Persistence 50%,persistence,0.5,True,4,-0.01895197486535008,-0.026432525433871857,-0.01239527229204068,0.0099333804358839,0.0057652303159985525,0.013770140441109342,0.008212628174514788,0.004139035182202949,0.013319505139826429,-0.006104468219005665,-0.02212083071113903,0.00895217117684073,-0.020161828495161824,-0.032190523857190574,-0.01164497831164494,-0.026954242135367023,-0.03773832221163021,-0.016193994280267004,-0.018243243243243244,-0.027695590327169266,-0.007361308677098096,-0.01973808772483432,-0.029102240454402017,-0.010326601451562034,-0.020890818268315885,-0.0338011417697431,-0.013261179828734522,-0.015647773279352222,-0.025172064777327925,-0.006305668016194336,0.026954242135367023,age50+
persistence_0.5,Persistence 50%,persistence,0.5,True,5,-0.023971424296828255,-0.031235038898862873,-0.0170145122681029,0.011594915256681462,0.0063686906419605374,0.016269654010939844,0.007549380366933682,0.003256480787176345,0.012533818775771527,-0.012271869100062938,-0.02835116425424789,0.0013373190685965276,-0.026101101101101098,-0.04183350016683356,-0.01664164164164171,-0.02979027645376549,-0.04195662535748336,-0.018458055290753107,-0.023257467994310103,-0.03460170697012802,-0.0127524893314367,-0.024763332281476813,-0.03314136951719783,-0.015099400441779747,-0.02642721217887726,-0.03626308277830642,-0.01797692673644146,-0.01979757085020243,-0.02917004048582999,-0.008825910931174045,0.02979027645376549,age50+
persistence_0.75,Persistence 75%,persistence,0.75,False,1,-0.001065978456014366,-0.004985786953919818,0.005400957510472833,-0.0008677438659485351,-0.004230251346499112,0.0037440155595451826,0.0010659784560143614,-0.005400957510472779,0.004985786953919805,0.010037759597230961,-0.002595972309628669,0.022089364380113333,-0.00199366032699366,-0.007407407407407462,0.003403403403403434,-0.00815061963775024,-0.016372735938989486,0.0005958055290752844,-0.0014153627311522005,-0.007994310099573248,0.004118065433854895,-0.0006784474597664903,-0.006650362890501732,0.008243925528557964,2.973358705992968e-05,-0.005952664129400589,0.007136060894386231,-0.002925101214574907,-0.008957489878542571,0.0036943319838056016,0.010037759597230961,age<35
persistence_0.75,Persistence 75%,persistence,0.75,False,2,-0.009945391980849797,-0.015121932974266977,-0.005262567324955188,0.00854947517996141,0.005598883096610893,0.012511282633514297,0.009550291435105784,0.003602366111344748,0.012887114574254921,0.0050188797986154806,-0.006324732536186375,0.01639395846444303,-0.010035035035035028,-0.017400734067400784,0.0006673340006673218,-0.021151096282173498,-0.034330314585319335,-0.006101048617731177,-0.010739687055476534,-0.019416785206258926,-0.003207681365576063,-0.009064373619438307,-0.015564846954875308,0.0007021142316188098,-0.010930066603235011,-0.019047335870599504,-0.0013974785918173683,-0.008279352226720651,-0.014615384615384577,-0.0007186234817813688,0.021151096282173498,age50+
persistence_0.75,Persistence 75%,persistence,0.75,False,3,-0.019124027528426082,-0.02488031119090362,-0.01132929383602631,0.01198364931810925,0.008129901141257612,0.014904987664185054,0.010994399424927942,0.005929740308848002,0.01564308635308011,-0.0021239773442416677,-0.01600062932662048,0.012004405286343561,-0.01906906906906907,-0.028061394728061427,-0.010860860860860952,-0.03207816968541468,-0.04439942802669205,-0.017993326978074375,-0.020092460881934573,-0.028883357041251754,-0.007361308677098096,-0.018049857999368885,-0.029039129062795835,-0.0075733669927421365,-0.021431969552806854,-0.030952664129400575,-0.012797335870599464,-0.015253036437246976,-0.02476720647773279,-0.005546558704453459,0.03207816968541468,age50+
persistence_0.75,Persistence 75%,persistence,0.75,False,4,-0.02773414123279473,-0.034904248952722934,-0.01909784560143625,0.014972034278098002,0.010069548846809358,0.019610882874937598,0.011528918244047648,0.007108949257126809,0.015401811791143664,-0.008889238514789172,-0.03045940843297671,0.010714285714285622,-0.028561895228561895,-0.03812979646312983,-0.01991991991991992,-0.04082459485224023,-0.05455195424213541,-0.0231768350810295,-0.028278805120910366,-0.03719772403982923,-0.015597439544807978,-0.027130009466708717,-0.03792994635531709,-0.015414957399810622,-0.030916983824928634,-0.04045551855375831,-0.019945290199809677,-0.022398785425101216,-0.035759109311740915,-0.011730769230769243,0.04082459485224023,age50+
persistence_0.75,Persistence 75%,persistence,0.75,False,5,-0.03438061041292641,-0.04327498503889895,-0.02667190305206461,0.0163789933260278,0.012334312015936402,0.020418038624499615,0.01026957529101485,0.0032248796124961054,0.016482082378759703,-0.0158432976714915,-0.032174323473883,0.009487098804279396,-0.03655321988655321,-0.049199199199199205,-0.024299299299299307,-0.045316968541468064,-0.06072449952335562,-0.03315061963775027,-0.034495021337126605,-0.04925320056899003,-0.021550497866287346,-0.03425370779425687,-0.04607920479646578,-0.02017986746607767,-0.03836822074215033,-0.04902473834443396,-0.026129876308277844,-0.027661943319838067,-0.04309716599190284,-0.01494939271255067,0.045316968541468064,age50+
persistence_1.0,Persistence 100%,persistence,1.0,True,1,-0.0017766307600239396,-0.008539048473967668,0.004361160981448286,0.0003366247755834832,-0.004043237582286049,0.006182675044883299,0.0017766307600239361,-0.004361160981448234,0.008539048473967678,0.012633731906859657,-6.293266205160386e-05,0.02720264317180616,-0.0032699366032699325,-0.010810810810810792,0.006356356356356326,-0.010557673975214487,-0.018672545281220206,-0.0008937082936129332,-0.002396870554765296,-0.011977240398293013,0.005718349928876266,-0.0010886715052066897,-0.011699274218996561,0.006997475544335693,-0.001070409134157954,-0.00955042816365365,0.006743577545195035,-0.002955465587044526,-0.010151821862348217,0.004058704453441333,0.012633731906859657,age<35
persistence_1.0,Persistence 100%,persistence,1.0,True,2,-0.014429982046678632,-0.021128815080789932,-0.00506807301017358,0.01199669871979429,0.008246267868052708,0.017288904924378866,0.0136336854047989,0.00597249407473146,0.019074109615733713,0.004861548143486469,-0.008228445563247264,0.024606670862177497,-0.015140140140140129,-0.028144811478144842,-0.0036703370036703627,-0.028026692087702577,-0.04102716873212591,-0.014275500476644356,-0.014793741109530592,-0.024196301564722553,-0.003655761024182105,-0.014026506784474604,-0.025891448406437444,-0.002508677816345762,-0.016198858230256883,-0.02641531874405332,-0.0016353472882968307,-0.011437246963562752,-0.02002024291497984,-0.001983805668016269,0.028026692087702577,age50+
persistence_1.0,Persistence 100%,persistence,1.0,True,3,-0.02692624177139436,-0.03420107719928191,-0.017313734290843808,0.016502448218167338,0.011477841209974145,0.021519740537286666,0.015095240414814007,0.009937476772990974,0.020920415827045492,-0.004578351164254255,-0.01902139710509761,0.007866582756450606,-0.027711044377711037,-0.040140140140140126,-0.01367200533867203,-0.042731172545281214,-0.0574118207816968,-0.03136320305052429,-0.026728307254623045,-0.037837837837837784,-0.012439544807965892,-0.027145787314610294,-0.03763805616913854,-0.015762070053644692,-0.030126070409134165,-0.04133563273073271,-0.0171205994291151,-0.021487854251012153,-0.03451417004048577,-0.008097165991902907,0.042731172545281214,age50+
persistence_1.0,Persistence 100%,persistence,1.0,True,4,-0.03828171753441052,-0.04660383004189111,-0.028953470975463805,0.01990751798161987,0.015578126789881318,0.02508170187695232,0.015443105074515101,0.009939705655520617,0.02077282586602594,-0.014710509754562614,-0.03275645059786026,0.0031623662680931326,-0.03981481481481482,-0.059075742409075746,-0.024999999999999994,-0.05394423260247856,-0.0668255481410868,-0.037166348903717825,-0.03719772403982931,-0.048086770981507834,-0.022731152204836402,-0.03948406437361942,-0.05175134111707158,-0.02964657620700526,-0.04306612749762131,-0.05508444338725023,-0.027348953377735418,-0.030202429149797573,-0.0404959514170041,-0.01861336032388664,0.05394423260247856,age50+
persistence_1.0,Persistence 100%,persistence,1.0,True,5,-0.047639886295631366,-0.05475388988629569,-0.03983767205266312,0.021828233372281312,0.015504385567346221,0.027436585637031417,0.014612548757204394,0.007314933292935358,0.020573009486545977,-0.024685336689741978,-0.04287287602265573,-0.00745752045311509,-0.050809142475809144,-0.06715048381715052,-0.036644978311644934,-0.060498093422306956,-0.07364156339370832,-0.047009056244041926,-0.04589615931721196,-0.057211948790896146,-0.031507823613086766,-0.04957399810665825,-0.061257494477753145,-0.03720416535184596,-0.05276522359657467,-0.06455161750713603,-0.039450523311132246,-0.03903846153846154,-0.0510728744939271,-0.023856275303643742,0.060498093422306956,age50+
shuffle,Shuffle,shuffle,1.0,True,1,-0.0006545481747456616,-0.005846050269299807,0.004252692998204701,-0.00017953321364452476,-0.00708408138839019,0.004495810891681617,0.0006545481747456602,-0.004252692998204671,0.005846050269299813,-0.0026903713027061045,-0.01587476400251727,0.00835431088735057,-0.025825825825825828,-0.03739572906239577,-0.017267267267267322,0.03684461391801717,0.021389418493803627,0.04965443279313631,0.0011735419630156424,-0.010270270270270224,0.009146514935988698,-0.0026822341432628516,-0.01293783527926795,0.00791259072262544,0.010668411037107509,0.0025333016175071318,0.016740009514747772,-0.019827935222672063,-0.028755060728744977,-0.006821862348178129,0.03684461391801717,age50+
shuffle,Shuffle,shuffle,1.0,True,2,-0.003990873728306391,-0.011157241172950272,0.0036205864751646484,0.0003493031290759209,-0.00470641123196726,0.004858499995235477,0.0035993338050536823,-0.003132199989799491,0.009362849533763571,-0.01640969162995595,-0.040921963499056024,0.0044524858401510685,-0.049841508174841495,-0.05887554220887555,-0.037871204537871246,0.07091277407054337,0.05766205910390852,0.08207816968541472,0.0004907539118065407,-0.010583214793741141,0.00947368421052636,-0.008961817608078262,-0.021773430104133795,0.0018538971284317316,0.014361322549952435,0.0008147002854424355,0.023126784015223584,-0.035080971659919025,-0.04665991902834002,-0.019807692307692287,0.07091277407054337,age50+
shuffle,Shuffle,shuffle,1.0,True,3,-0.010487731897067611,-0.019872082585278325,-0.00027678037103534407,0.0008518594414227704,-0.004015927143385801,0.006591827103604235,0.007566235765339463,0.0013168440830848296,0.017047816589728954,-0.03684707363121461,-0.06307426054122087,-0.013200125865324095,-0.0732816149482816,-0.08509342676009339,-0.05400400400400401,0.09917778836987608,0.0847116301239276,0.11109389895138226,-0.0032645803698435312,-0.012275960170696964,0.011102418207681335,-0.01849952666456296,-0.03187914168507407,-0.004015462290943497,0.013142245480494762,-0.0017542816365366028,0.023323025689819234,-0.050546558704453445,-0.06447368421052627,-0.03359311740890694,0.09917778836987608,age50+
shuffle,Shuffle,shuffle,1.0,True,4,-0.018241322561340513,-0.031642728904847366,-0.008812088569718747,0.0003326515065816053,-0.0067434993897925975,0.00570821178122884,0.009882378394806879,0.002773620250861161,0.018495508958103604,-0.05676526117054752,-0.0869257394587792,-0.03066393958464446,-0.09808141474808141,-0.1125875875875876,-0.08260760760760763,0.12498808388941848,0.11149904671115346,0.13877502383222118,-0.008940256045519193,-0.023904694167852028,0.0031934566145092234,-0.028557904701798663,-0.04624487219943201,-0.012606500473335532,0.009598001902949571,-0.00886655566127488,0.022371550903901062,-0.06552631578947368,-0.08020242914979757,-0.04525303643724704,0.12498808388941848,age50+
shuffle,Shuffle,shuffle,1.0,True,5,-0.02721050269299823,-0.040881208856971905,-0.014340215439856361,0.0006437389833218665,-0.005730410893232071,0.005653219949321356,0.012519426472092806,0.005938409721704195,0.017929697547294385,-0.07904342353681562,-0.10641913152926365,-0.05000000000000012,-0.12168835502168836,-0.14089089089089094,-0.1059726393059727,0.14700905624404195,0.12628693994280268,0.1646687321258342,-0.016073968705547646,-0.02995732574679939,0.0014366998577525483,-0.03956295361312718,-0.057013253392237395,-0.026459450930893007,0.004644386298763084,-0.010519743101807784,0.015729067554709826,-0.08139676113360324,-0.10081983805668013,-0.057408906882591065,0.14700905624404195,age50+
subgroup_age_100,Age bias (δ=1.0),subgroup_age,1.0,False,1,0.0037327947336923905,-0.00106223818073011,0.009287103530819825,-0.0029061938958707357,-0.004791292639138236,-0.0011894075403949727,-0.0037327947336924018,-0.009287103530819874,0.0010622381807300968,-0.08764946507237256,-0.10012586532410318,-0.07481120201384522,-0.016875208541875207,-0.021388054721388126,-0.01299632966299637,0.10238322211630124,0.08665395614871305,0.11394184938036225,0.0070697012802276,-0.002581792318634468,0.016536273115220504,3.15556958030927e-05,-0.006634585042600294,0.005435468602082656,0.006844671741198854,0.0002081351094196272,0.013617982873453853,-0.0014676113360323928,-0.007692307692307776,0.004463562753036467,0.10238322211630124,age50+
subgroup_age_100,Age bias (δ=1.0),subgroup_age,1.0,False,2,0.01651705565529623,0.009694793536804316,0.023058797127468566,-0.0026437002797936615,-0.0042804889153836186,-0.0008318141678571708,-0.01380006984376006,-0.01686714057090634,-0.008504889691398378,-0.1294210195091252,-0.14416299559471363,-0.11449024543738201,-0.02525859192525859,-0.029713046379713046,-0.020320320320320308,0.18672545281220207,0.17284318398474738,0.20072688274547187,0.02344950213371266,0.014473684210526342,0.032453769559032716,0.008827705900915101,0.0007967813190280398,0.016819185863048237,0.023810656517602287,0.014950047573739352,0.032599904852521386,0.004271255060728743,-0.0016194331983805377,0.010546558704453472,0.18672545281220207,age50+
subgroup_age_100,Age bias (δ=1.0),subgroup_age,1.0,False,3,0.031627767803710356,0.02585652304009584,0.03904847396768407,-0.0037021688117509304,-0.0062913145148761436,-0.002039982322285155,-0.01757455445498564,-0.022804710613276612,-0.01210663352696369,-0.15774071743234738,-0.17246696035242293,-0.1426683448709881,-0.03073907240573907,-0.037095428762095484,-0.025342008675341993,0.26414442326024784,0.24924928503336513,0.27838417540514776,0.041742532005689906,0.03373399715504985,0.04952347083926038,0.020408646260650053,0.010381823919217334,0.028770905648469597,0.04288177925784967,0.0344136536631779,0.05280685061845858,0.01279352226720647,0.005222672064777345,0.02027327935222669,0.26414442326024784,age50+
subgroup_age_100,Age bias (δ=1.0),subgroup_age,1.0,False,4,0.04946888090963495,0.04225763016157988,0.05793686415320167,-0.0034739760046685842,-0.006248159763567103,-0.0011173510865505835,-0.022072406134153337,-0.026989402074999797,-0.017482095331090592,-0.17808370044052863,-0.1938483322844557,-0.16236626809314036,-0.0319652986319653,-0.03988988988988988,-0.024683016349683017,0.3381434699714013,0.3196020019065777,0.3561129647283126,0.062460881934566136,0.0523044096728307,0.06979374110953059,0.035058378037235736,0.026151782896812907,0.0457636478384348,0.06420670789724073,0.05269980970504289,0.07778306374881061,0.024777327935222672,0.015759109311740828,0.03289473684210533,0.3381434699714013,age50+
subgroup_age_100,Age bias (δ=1.0),subgroup_age,1.0,False,5,0.06874251944943147,0.059664871334530314,0.07813061041292638,-0.003896816415087133,-0.007385371900800182,-0.0012164566962756572,-0.02535317833513192,-0.03024338467480457,-0.02107837519564342,-0.19298300818124609,-0.21030522341095023,-0.1785714285714286,-0.030480480480480465,-0.040140140140140126,-0.021321321321321286,0.4087106768350811,0.38112488083889423,0.42662059103908484,0.08428876244665719,0.07136557610241825,0.09258890469416783,0.05149889555064689,0.04190596402650682,0.06218049857999377,0.0870837297811608,0.07253211227402476,0.09552212178877256,0.03794534412955466,0.02870445344129558,0.04791497975708493,0.4087106768350811,age50+
subgroup_age_25,Age bias (δ=0.25),subgroup_age,0.25,False,1,0.000288001196888088,-0.0016494614003590342,0.0024087372830639765,-0.0006545481747456609,-0.0014961101137043607,7.4805505685215845e-06,-0.00028800119688809304,-0.0024087372830640316,0.0016494614003590613,-0.01691315292636878,-0.02391441157960983,-0.010037759597230963,-0.0022272272272272297,-0.0033783783783784133,-0.0013263263263262996,0.016908960915157305,0.012380838894184936,0.02198522402287892,0.0008392603129445287,-0.001721194879089538,0.004551920341394067,-0.0003234458819817071,-0.0028479015462291703,0.003163458504259933,0.0005352045670789729,-0.002378686964795376,0.00454329210275924,-0.000121457489878532,-0.004058704453441334,0.002834008097166052,0.01691315292636878,age<35
subgroup_age_25,Age bias (δ=0.25),subgroup_age,0.25,False,2,0.001612058647516451,-0.0007817175344105086,0.004963345302214146,-0.0005539183230158738,-0.0015272007864082341,0.00017307133412189645,-0.0014293368383578886,-0.003033896566602359,0.0004339214275344608,-0.025141598489616113,-0.032756450597860365,-0.018864065449968492,-0.003411745078411732,-0.005046713380046711,-0.0016683350016682974,0.029051477597712105,0.022378455672068608,0.035760247855100034,0.002396870554765293,-0.0014366998577525492,0.006294452347083991,0.0007415588513726646,-0.004118018302303544,0.005048911328494721,0.0022656993339676664,-0.0007611798287345094,0.0064224548049476304,0.0005060728744939236,-0.004878542510121481,0.004493927125506101,0.029051477597712105,age50+
subgroup_age_25,Age bias (δ=0.25),subgroup_age,0.25,False,3,0.0031567923399162283,0.0002954817474566468,0.006743716337522439,-0.0007963029078468378,-0.0020792835374286167,0.0006430016152912202,-0.00182152188267494,-0.004025949159180617,0.00046026423464913627,-0.031010069225928267,-0.03903398363750782,-0.0225928256765262,-0.003970637303970628,-0.006348014681348091,-0.001985318651985275,0.03921591992373689,0.030981887511916106,0.04625834127740706,0.004338549075391182,-8.534850640113914e-05,0.009395448079658655,0.0018460082044809089,-0.0028715683180814884,0.007289365730514356,0.004317316841103716,0.0009217411988582282,0.008563273073263544,0.0011842105263157932,-0.004898785425101237,0.006072874493927127,0.03921591992373689,age50+
subgroup_age_25,Age bias (δ=0.25),subgroup_age,0.25,False,4,0.004806253740275282,0.0021918013165768274,0.00944793536804306,-0.0009497844648893812,-0.001952851777122017,-3.250588920543961e-05,-0.002121564783983505,-0.004132236745799391,5.995475846840736e-05,-0.03601321585903084,-0.04343926998112019,-0.02696664568911266,-0.003928928928928921,-0.006723390056723349,-0.0016516516516516182,0.04820066730219256,0.042874165872259305,0.05769780743565293,0.0062162162162162134,0.001379800853485122,0.011379800853485111,0.003242347743767754,-0.0031634585042600418,0.009174818554749144,0.006059705042816369,0.002099191246431995,0.010995480494766924,0.0026821862348178046,-0.002500000000000066,0.006983805668016177,0.04820066730219256,age50+
subgroup_age_25,Age bias (δ=0.25),subgroup_age,0.25,False,5,0.006178934769599034,0.002064631956912047,0.010626122082585279,-0.0009137559903528927,-0.0020490346741429523,0.0002393367675289218,-0.001982441882420172,-0.004522031933012174,0.0007660571796522666,-0.0394430459408433,-0.049103209565764694,-0.031938325991189495,-0.0034784784784784666,-0.006423089756423059,-0.0003336670003336595,0.05452812202097235,0.0457340324118208,0.06340562440419452,0.007880512091038402,0.0016642958748221111,0.012809388335704122,0.004291574629220557,-0.001633007257810101,0.010097822656989556,0.007671265461465274,0.002354900095147422,0.013802331113225532,0.0036336032388663954,-0.003238866396761078,0.009352226720647713,0.05452812202097235,age50+
subgroup_age_50,Age bias (δ=0.5),subgroup_age,0.5,True,1,0.00084530221424296,-0.0022740873728305687,0.004342459605026874,-0.0013165769000598436,-0.002704219030520637,-0.0002917414721723588,-0.0008453022142429698,-0.0043424596050269364,0.0022740873728306467,-0.0366897419760856,-0.04721522970421649,-0.029562617998741433,-0.0052969636302969605,-0.008358358358358284,-0.0033199866533199156,0.03804814108674929,0.03181601525262151,0.043064823641563395,0.0018918918918918893,-0.002894736842105272,0.007709815078236149,-0.00031555695803091863,-0.005056800252445495,0.004110129378352769,0.0016948144624167494,-0.0028663177925784935,0.006660323501427201,-0.0005465587044534342,-0.004554655870445376,0.0032388663967610754,0.03804814108674929,age50+
subgroup_age_50,Age bias (δ=0.5),subgroup_age,0.5,True,2,0.004076900059844418,0.0008415619389586989,0.00856149012567323,-0.0012054025183459473,-0.002526142950382627,0.00020508271584729435,-0.003492632673098348,-0.006003880711478184,-0.000827338585724972,-0.05421648835745753,-0.06422278162366268,-0.04340780365009439,-0.008083083083083082,-0.011019352686019326,-0.005005005005005003,0.06559818875119161,0.057614394661582496,0.07441611058150618,0.005960170697012798,0.0011237553342816314,0.010092460881934544,0.0019880088355948232,-0.005695803092458124,0.009537709056484652,0.005845623215984794,0.00020218839200763795,0.01308872502378682,0.0011234817813765257,-0.003360323886639618,0.005273279352226736,0.06559818875119161,age50+
subgroup_age_50,Age bias (δ=0.5),subgroup_age,0.5,True,3,0.007929383602633159,0.0036879114302812545,0.012286804308797094,-0.0016675767446403499,-0.0029510661163120845,-0.00010136131193289864,-0.004534422218992126,-0.00707567909810975,-0.0011508533647600924,-0.06664568911264947,-0.07808370044052855,-0.055947136563876614,-0.00947614280947615,-0.012704371037704418,-0.006990323656990278,0.08927550047664443,0.08054099142040037,0.0968064823641563,0.010732574679943105,0.00423897581792326,0.01795163584637277,0.004820132533922386,-0.003810350268223442,0.011699274218996563,0.01079923882017127,0.004418411037107484,0.016930304471931546,0.0031174089068825906,-0.002064777327935188,0.009342105263157947,0.08927550047664443,age50+
subgroup_age_50,Age bias (δ=0.5),subgroup_age,0.5,True,4,0.011744464392579307,0.007001795332136476,0.01720526630760022,-0.001823445265445123,-0.003668063277058013,-0.0005171265834761417,-0.004917577052945906,-0.007855194459676335,-0.00202703142289543,-0.07654185022026433,-0.08812146003775961,-0.06732221522970422,-0.009467801134467806,-0.014356022689356032,-0.005672339005672322,0.10891325071496663,0.09722354623450911,0.11969733079122977,0.01512802275960171,0.009338549075391228,0.022197724039829243,0.00799147996213318,0.0012227832123698436,0.015186178605238247,0.015140342530922932,0.008503805899143768,0.02240128449096101,0.00605263157894736,0.0003542510121457428,0.013805668016194306,0.10891325071496663,age50+
subgroup_age_50,Age bias (δ=0.5),subgroup_age,0.5,True,5,0.01553710353081986,0.011183423099940115,0.02006657690005982,-0.00187160862755971,-0.003399812492994948,-0.0002955521897400762,-0.005337921756323737,-0.009013558648360315,-0.001579403182748492,-0.08340151038388924,-0.09380113278791691,-0.07295468848332293,-0.0085085085085085,-0.013697030363697054,-0.003661995328661916,0.12482125834127741,0.10861534795042907,0.13540276453765493,0.019473684210526306,0.013072546230440931,0.02649359886201992,0.011170716314294726,0.004725465446513075,0.0180656358472704,0.019529019980970497,0.013284966698382472,0.026427212178877293,0.008815789473684204,0.002014170040485902,0.015414979757084963,0.12482125834127741,age50+
subgroup_age_75,Age bias (δ=0.75),subgroup_age,0.75,False,1,0.0016793836026331582,-0.0026967384799521017,0.0060218432076601025,-0.0021244763614602035,-0.0037477558348294436,-0.0002954817474566196,-0.0016793836026331558,-0.006021843207660085,0.002696738479952115,-0.059314033983637514,-0.07051604782882315,-0.049701069855254965,-0.009676343009676338,-0.012729396062729334,-0.00699866533199873,0.06409675881792183,0.05364632983794085,0.07391563393708295,0.003662873399715494,-0.0014366998577525492,0.0097439544807966,-0.0005206689807510268,-0.00571946986431055,0.006011360050489103,0.0031458135109419527,-0.002176498572787844,0.009800190294957193,-0.0007489878542510098,-0.00533400809716601,0.0040688259109312105,0.06409675881792183,age50+
subgroup_age_75,Age bias (δ=0.75),subgroup_age,0.75,False,2,0.008258527827648132,0.002988479952124487,0.014837672052663006,-0.002013971807473086,-0.0034833250580740315,-0.0002994177586488266,-0.007104640383713745,-0.010221470109388434,-0.004282944926048685,-0.08842039018250472,-0.10259597230962875,-0.07550346129641278,-0.014764764764764765,-0.019027360694027377,-0.010669002335668984,0.11437082936129647,0.10288369876072458,0.12641801715919923,0.01232574679943101,0.00624466571834989,0.018897581792318617,0.003747238876617215,-0.005388135058378022,0.014223729883243868,0.012083729781160813,0.004959562321598496,0.02193744053282584,0.0018421052631578977,-0.005323886639676129,0.008937246963562705,0.11437082936129647,age50+
subgroup_age_75,Age bias (δ=0.75),subgroup_age,0.75,False,3,0.015914871334530227,0.011067474566128008,0.021428037103530834,-0.0026236184683762556,-0.0041634052555076925,-0.0010930584791979158,-0.008979733493384155,-0.013148643869068711,-0.004852452365250487,-0.10821271239773442,-0.12092511013215858,-0.0956419131529263,-0.017584250917584247,-0.02336503169836506,-0.014005672339005579,0.15778122020972357,0.14485224022878923,0.17113918017159205,0.02155761024182077,0.015263157894736881,0.027652916073968695,0.009656042915746302,0.0027295676869674634,0.019580309245818907,0.02173525214081827,0.014260228353948596,0.03170789724072309,0.006163967611336025,-0.0008097165991902717,0.014605263157894698,0.15778122020972357,age50+
subgroup_age_75,Age bias (δ=0.75),subgroup_age,0.75,False,4,0.024524985038898876,0.0186677139437463,0.03052438659485345,-0.002628801394568297,-0.004824529758679076,-0.0009302892461201203,-0.010884224526065018,-0.01590538236613985,-0.007481946409565869,-0.12259282567652612,-0.1353366897419761,-0.11139081183134047,-0.018168168168168172,-0.02510010010010009,-0.012637637637637577,0.19693755958055292,0.18288846520495708,0.21403717826501426,0.031550497866287344,0.021614509246088195,0.03844238975817922,0.01673240769958979,0.008378037235721059,0.026230672136320528,0.03173168411037108,0.02139034253092295,0.041745956232159855,0.01244939271255061,0.004038461538461468,0.021467611336032442,0.19693755958055292,age50+
subgroup_age_75,Age bias (δ=0.75),subgroup_age,0.75,False,5,0.03269000598444044,0.026305356074207094,0.038749251944943164,-0.002904157858315628,-0.004827881876405591,-0.0013284224691655746,-0.011270289033644515,-0.016384474986058578,-0.007145844523901044,-0.1331969792322215,-0.14790748898678413,-0.11894273127753308,-0.016966966966966958,-0.023723723723723743,-0.009668001334668002,0.2292659675881792,0.20952097235462347,0.24176596758817917,0.041109530583214794,0.03342816500711236,0.048129445234708294,0.02335121489428841,0.01412906279583459,0.032194698643105105,0.04119291151284492,0.03202901998097053,0.050909847764034226,0.01840080971659918,0.011730769230769132,0.02675101214574895,0.2292659675881792,age50+
subgroup_educ_100,Education bias (δ=1.0),subgroup_educ,1.0,False,1,-0.0046790843806104095,-0.008228605625373978,-0.0004450927588271011,-0.0012155894673847988,-0.0025583482944344714,-0.00014213046080191862,0.00467908438061041,0.0004450927588270461,0.008228605625374016,-0.005522341095028316,-0.016441157960981733,0.006308999370673364,-0.0023773773773773767,-0.005338672005338663,0.0003420086753421087,-0.007328408007626308,-0.016229742612011412,0.0014418493803621973,-0.0018563300142247607,-0.007994310099573246,0.004580369843527777,-0.007810034711265387,-0.011699274218996561,-0.004086462606500452,-0.032944814462416754,-0.03736917221693633,-0.02924595623215988,0.04350202429149798,0.03762145748987853,0.04981781376518218,0.04350202429149798,univ
subgroup_educ_100,Education bias (δ=1.0),subgroup_educ,1.0,False,2,-0.003197935368043081,-0.00838569718731295,0.0011183423099940207,-0.0007047596196734873,-0.0021510277070148284,0.0010342242205181693,-0.0013349324518295942,-0.004770992922663121,0.0021272377981749534,-0.004421019509125238,-0.015135305223411003,0.003917558212712402,-0.0013680347013680233,-0.00700700700700696,0.004704704704704711,-0.00488560533841754,-0.016205910390848403,0.005731649189704495,0.002460881934566139,-0.003982930298719769,0.008549075391180688,-0.009474597664878515,-0.015777847901546238,-0.0022010097822657703,-0.052206232159847744,-0.05710632730732637,-0.04659253092293047,0.08031376518218623,0.07356275303643725,0.08990890688259114,0.08031376518218623,univ
subgroup_educ_100,Education bias (δ=1.0),subgroup_educ,1.0,False,3,-0.0007667564332734772,-0.004694045481747435,0.0037440155595451687,-0.0009448052811542736,-0.002606166307438989,0.0007208756205549888,-0.0025694760867759855,-0.006308991628791316,0.0018491046158669933,-0.0027847702957835173,-0.015103838892385202,0.008842039018250538,-0.0013013013013012885,-0.01070236903570235,0.006698365031698327,0.0015252621544327937,-0.010033365109628193,0.01053384175405154,0.007937411095305835,0.0019772403982930287,0.014516358463726802,-0.010421268538971271,-0.017379299463553245,-0.002169454086462571,-0.06792935299714557,-0.07445884871550905,-0.0622740247383445,0.11375506072874493,0.10524291497975707,0.12149797570850206,0.11375506072874493,univ
subgroup_educ_100,Education bias (δ=1.0),subgroup_educ,1.0,False,4,0.0042152902453620605,0.0001159485338121048,0.009432974266906018,-0.0007223523415836686,-0.0026268810116256936,0.0018672848563435842,-0.005857768327696458,-0.009813324089195597,-0.0018082822366217131,-0.000283196979232217,-0.011957205789804862,0.008212712397734469,0.00046713380046713713,-0.007741074407741013,0.010018351685018348,0.012976644423260238,0.0032292659675881717,0.024368446139180072,0.016273115220483646,0.011081081081081051,0.02199146514935996,-0.00915904070684757,-0.018302303565793543,-0.0018854528242347878,-0.0794243577545195,-0.08613820171265464,-0.07159253092293046,0.14685222672064777,0.13642712550607286,0.15444331983805668,0.14685222672064777,univ
subgroup_educ_100,Education bias (δ=1.0),subgroup_educ,1.0,False,5,0.010113704368641518,0.005075553560741991,0.01574281867145414,-0.0005722778359141982,-0.002669992440124341,0.001735556886982585,-0.007540389437034459,-0.012299411027647623,-0.0033925497614073,0.002234109502831966,-0.010761485210824437,0.015135305223411001,0.002627627627627624,-0.009701368034701372,0.013046379713046417,0.02677550047664442,0.013798856053384123,0.040586272640610196,0.02556187766714082,0.0190256045519203,0.03190611664295881,-0.0070211423161880785,-0.017426633007257778,0.0007021142316188098,-0.08880827783063747,-0.09637250237868694,-0.08039367269267357,0.17879554655870447,0.16962550607287444,0.19194331983805668,0.17879554655870447,univ
subgroup_educ_25,Education bias (δ=0.25),subgroup_educ,0.25,False,1,-0.0010771992818671445,-0.0027079593058048856,0.0009201077199281775,-0.0003515858767205268,-0.000901406343506888,0.0003141831238779232,0.0010771992818671442,-0.0009201077199281927,0.0027079593058049103,-0.0009282567652611651,-0.006324732536186264,0.003823159219634892,-0.00030030030030029633,-0.0023440106773439605,0.0016766766766767467,-0.0022998093422306964,-0.005731649189704496,0.0028717826501430004,-0.00036273115220483433,-0.003129445234708375,0.003157894736842083,-0.0018696749763332243,-0.004449353108236067,0.0009624487219943792,-0.009175784966698394,-0.011423644148430154,-0.006648430066603226,0.01274291497975708,0.010101214574898714,0.01701417004048575,0.01274291497975708,univ
subgroup_educ_25,Education bias (δ=0.25),subgroup_educ,0.25,False,2,-0.0007779772591262696,-0.0031792339916218103,0.002408737283064085,-8.046610585473492e-05,-0.0009486258634756886,0.0006424296840041805,-0.0002612724700341084,-0.0023060871295315483,0.0022231281314846365,-0.00026746381371932083,-0.006324732536186267,0.005726872246696104,8.341675008352589e-06,-0.004029029029029049,0.003019686353019728,-0.002287893231649199,-0.0077097235462345644,0.003336510962821726,0.0004765291607396943,-0.0025675675675676107,0.003726884779516383,-0.0021694540864626217,-0.007289365730514357,0.0016172294099085498,-0.014628924833491907,-0.01667459562321601,-0.011399857278782092,0.02282388663967611,0.01780364372469637,0.027955465587044585,0.02282388663967611,univ
subgroup_educ_25,Education bias (δ=0.25),subgroup_educ,0.25,False,3,-0.0005236385397965309,-0.004043237582286077,0.002259126271693631,-0.0002228914001679941,-0.0012198799034634235,0.0007566558045382749,-0.0002414957523367423,-0.0021900930117387148,0.002294988249661616,0.00022026431718062122,-0.006371932032724969,0.0075833857772184,0.0003003003003003046,-0.003720387053720414,0.004679679679679685,-0.0022640610104861765,-0.008591515729265992,0.001918493803622539,0.0019843527738264534,-0.0034210526315788968,0.006557610241820804,-0.0033054591353739336,-0.007936257494477758,0.0009624487219943819,-0.019184110371075168,-0.022603472882968646,-0.015937202664129346,0.031275303643724696,0.02465587044534413,0.036052631578947385,0.031275303643724696,univ
subgroup_educ_25,Education bias (δ=0.25),subgroup_educ,0.25,False,4,0.0004301316576900138,-0.003007181328545791,0.00494090365050869,-0.0002773247548968384,-0.0014272081029009392,0.0006207293482448306,-0.001097577945319532,-0.004157629050979642,0.002027660797691434,0.0009597230962869769,-0.005774071743234704,0.007064191315292634,0.0010010010010010034,-0.004029029029028941,0.006364698031364665,-0.0007864632983794167,-0.006720686367969478,0.005362249761677813,0.0038477951635846356,-0.0005761024182076163,0.009103840682788026,-0.003360681603029339,-0.00915904070684749,0.0015777847901545822,-0.02263320647002854,-0.02594552806850617,-0.01807802093244526,0.03974696356275303,0.03315789473684207,0.04819838056680164,0.03974696356275303,univ
subgroup_educ_25,Education bias (δ=0.25),subgroup_educ,0.25,False,5,0.0011295631358467755,-0.0032914422501496565,0.005240125673249598,-0.00019767652224912097,-0.001202892764045515,0.0009627965139857281,-0.0008940806537586085,-0.0033874062710100607,0.001820465285006028,0.0016205160478288349,-0.005160478288231537,0.010147891755821266,0.0015849182515849242,-0.004412746079412757,0.007390724057390668,0.00010724499523355469,-0.010021448999046684,0.00816253574833178,0.005320056899004258,0.001635846372688399,0.009125177809388306,-0.0035184600820448108,-0.008867150520669045,0.004110129378352877,-0.025523311132254988,-0.02973953377735488,-0.021402235965746925,0.046568825910931165,0.03963562753036443,0.05470647773279354,0.046568825910931165,univ
subgroup_educ_50,Education bias (δ=0.5),subgroup_educ,0.5,True,1,-0.0020234889287851555,-0.005554308797127441,0.0007517953321364205,-0.000688210652304009,-0.0016457211250748005,0.0001645721125074695,0.0020234889287851577,-0.0007517953321364481,0.005554308797127466,-0.0020610446821900524,-0.007677784770295809,0.005726872246695995,-0.000934267600934266,-0.003353353353353386,0.0020186853520186387,-0.003551000953288838,-0.011475214489990499,0.002407054337464275,-0.0006045519203413923,-0.005419630156472316,0.0043029871977240015,-0.0035973493215525425,-0.00791259072262544,-0.00029189018617855467,-0.01714438629876308,-0.020706470028544182,-0.014266175071360585,0.023765182186234822,0.01902834008097165,0.02836032388663972,0.023765182186234822,univ
subgroup_educ_50,Education bias (δ=0.5),subgroup_educ,0.5,True,2,-0.0014699281867145363,-0.004970825852782776,0.0020197486535008954,-0.00019238706603974775,-0.001188135095332591,0.0006731456482791715,-0.00048180014959942877,-0.004164160089064879,0.0019219564399423229,-0.0010855884203901961,-0.008259911894273175,0.003886091881686601,-0.00036703370036702545,-0.005005005005005003,0.004412746079412756,-0.0033365109628217342,-0.01108198284080081,0.0038369876072449696,0.0011522048364153658,-0.0034281650071124325,0.006877667140825039,-0.004378352792679082,-0.01136005048911326,0.0015856737141053535,-0.02746788772597526,-0.03140461465271176,-0.022353710751664993,0.042834008097166,0.03441295546558709,0.051477732793522336,0.042834008097166,univ
subgroup_educ_50,Education bias (δ=0.5),subgroup_educ,0.5,True,3,-0.0008116397366846162,-0.004836175942549367,0.0029959605026930068,-0.0005624480212387372,-0.0020526991388575963,0.0005571131727706066,-0.0006590666174691052,-0.003827698133997474,0.0023529937812931277,-0.0001415984896161182,-0.008307111390811877,0.007567652611705391,-0.0002669336002669331,-0.006006006006005982,0.007023690357023645,-0.0020972354623450843,-0.011034318398474784,0.003896568160152606,0.0036842105263157872,-0.0017780938833570706,0.009957325746799417,-0.005798359103818237,-0.012314610287156868,0.0012780056800252534,-0.03622145575642246,-0.04091341579448149,-0.032552331113225474,0.059544534412955465,0.052844129554655915,0.06559716599190288,0.059544534412955465,univ
subgroup_educ_50,Education bias (δ=0.5),subgroup_educ,0.5,True,4,0.0011445242369838488,-0.0035944045481747177,0.006747456612806701,-0.0005112084686834937,-0.0022133251809702526,0.0007314880095633233,-0.0022712094119159637,-0.005568377869460077,0.0004576877159784288,0.0011642542479546852,-0.007032724984266733,0.00881057268722463,0.0005588922255588908,-0.007007007007006963,0.009084084084084097,0.0019661582459485154,-0.006267874165872258,0.015276453765490947,0.007162162162162158,-1.422475106685745e-05,0.015661450924608827,-0.005530135689491944,-0.012630167245187743,0.0006784474597664903,-0.04275689819219791,-0.048537107516650836,-0.03780328258801144,0.07598178137651823,0.06678137651821864,0.08544534412955468,0.07598178137651823,univ
subgroup_educ_50,Education bias (δ=0.5),subgroup_educ,0.5,True,5,0.0030558049072411638,-0.0013913824057451062,0.008838270496708574,-0.0004924771830903939,-0.0026077158989749106,0.001086448650115102,-0.0024370227050352113,-0.006271075770395849,0.0006670862708084979,0.0022970421648835725,-0.005726872246696107,0.010855884203901836,0.0017684351017684453,-0.00801634968301639,0.010435435435435528,0.0054694947569113445,-0.006208293612964727,0.016205910390848403,0.01070412517780939,0.003115220483641515,0.01822190611664301,-0.005427579678131919,-0.01358472704323135,0.0031555695803091614,-0.048299238820171266,-0.05375832540437675,-0.04232278782112284,0.09059716599190284,0.08136639676113358,0.1004149797570851,0.09059716599190284,univ
subgroup_educ_75,Education bias (δ=0.75),subgroup_educ,0.75,False,1,-0.0033961699581089243,-0.007050418910831868,0.0004563135846797735,-0.0008901855176541001,-0.002098294434470368,0.00015335128665470098,0.0033961699581089152,-0.0004563135846798422,0.00705041891083184,-0.003681560730018871,-0.014505978602894825,0.004468219005663969,-0.0016266266266266205,-0.004337671004337576,0.0013430096763429788,-0.0057078169685414685,-0.014418493803622536,0.001453765490943705,-0.0013086770981507762,-0.007688477951635758,0.005128022759601686,-0.005711580940359734,-0.009813821394761774,-0.001861786052382471,-0.025166508087535688,-0.029275689819219824,-0.021872026641293972,0.0337246963562753,0.02832995951416998,0.0397469635627531,0.0337246963562753,univ
subgroup_educ_75,Education bias (δ=0.75),subgroup_educ,0.75,False,2,-0.002378815080789945,-0.006470676241771466,0.0033325852782765237,-0.00047298761340114364,-0.0017085316910271172,0.0010717615364569378,-0.0009057351656904886,-0.004088492276640925,0.0022388630504720456,-0.0025959723096287022,-0.013876651982378868,0.006954059156702331,-0.0009426092759426158,-0.006398064731398034,0.004738071404738075,-0.004265967588179223,-0.01764775977121071,0.004301715919923803,0.0017283072546230489,-0.004018492176386906,0.007432432432432482,-0.006934364152729572,-0.014846954875354947,-0.0002918901861786629,-0.040009514747859166,-0.044261417697431,-0.03520456707897246,0.061740890688259095,0.05370445344129547,0.07329959514170042,0.061740890688259095,univ
subgroup_educ_75,Education bias (δ=0.75),subgroup_educ,0.75,False,3,-0.0012380311190903631,-0.005240125673249598,0.004196588868940792,-0.0008492352606016432,-0.002719997107626476,0.0005699740326035416,-0.001155985574182167,-0.005137760812282102,0.0016051793341067212,-0.001290119572057899,-0.013955317809943373,0.009439899307740696,-0.001142809476142806,-0.009434434434434447,0.006690023356690094,-0.0013346043851286931,-0.009723546234509155,0.006696854146806573,0.005469416785206261,0.000568990042674189,0.011102418207681333,-0.008677816345850428,-0.016756074471442055,-0.0015067844745976263,-0.05275927687916269,-0.057599904852521366,-0.048269505233111326,0.08661943319838056,0.07650809716599186,0.0960526315789473,0.08661943319838056,univ
subgroup_educ_75,Education bias (δ=0.75),subgroup_educ,0.75,False,4,0.002083333333333334,-0.0016719030520647076,0.007218731298623624,-0.0006299235333419353,-0.0024191422437006157,0.0012576429253239952,-0.0038665232003540287,-0.00719526833771396,-0.00012665226402320016,0.00040906230333542516,-0.012083071113908177,0.010730018879798632,0.0003336670003336706,-0.00939272605939263,0.008083083083083118,0.005850810295519535,-0.004313632030505202,0.01674213536701616,0.011073968705547662,0.0038904694167852002,0.015789473684210527,-0.007888923950773105,-0.01584095929315242,-0.0002603344903754638,-0.061750713606089434,-0.06731684110371072,-0.05564938154138912,0.11093117408906883,0.09796558704453431,0.12070850202429144,0.11093117408906883,univ
subgroup_educ_75,Education bias (δ=0.75),subgroup_educ,0.75,False,5,0.005617893476959896,0.00028426092160375457,0.011542489527229197,-0.0006096873227834242,-0.0022947817504571804,0.0010598311602703673,-0.004501903451819271,-0.008398162336288085,-0.00014944248858595746,0.0024229074889867835,-0.010100692259282567,0.015780365009439863,0.0020353687020353674,-0.008116449783116488,0.011086086086086057,0.013155386081982839,-4.766444232602568e-05,0.02432078169685416,0.017062588904694167,0.008179231863442346,0.02280227596017068,-0.0070763647838434866,-0.017063742505522266,0.002224676554118087,-0.06926141769743102,-0.07590984776403421,-0.06157231208372976,0.1332894736842105,0.12225708502024282,0.14425101214574895,0.1332894736842105,univ
subgroup_sex_100,Sex bias (δ=1.0),subgroup_sex,1.0,False,1,-0.00047875523638539474,-0.0049483842010772106,0.003381208856971913,0.0007218731298623583,-0.0007480550568521871,0.002543387193297428,0.0004787552363853975,-0.00338120885697187,0.0049483842010771975,0.005632473253618625,-0.0038388923851479045,0.015811831340465664,-0.001651651651651656,-0.006681681681681642,0.003361695028361729,-0.0034318398474737777,-0.01717111534795037,0.007781220209723594,-0.056543385490753904,-0.06319345661450922,-0.050867709815078266,0.06170716314294731,0.05358157147365096,0.06693751972230982,0.0042459562321598395,-0.00239058039961946,0.00894386298763083,-0.008643724696356289,-0.015799595141700453,-0.003643724696356318,0.06170716314294731,male
subgroup_sex_100,Sex bias (δ=1.0),subgroup_sex,1.0,False,2,0.003048324356672652,-0.002573309395571582,0.007970526630760045,0.0011707615131214054,-5.890624979544772e-05,0.00298691747077376,-0.0037445540676663315,-0.008109181791471035,0.0009615741122095839,0.009864694776589042,-0.0006293266205160686,0.021412838263058565,-0.0010927594260927514,-0.006715048381715119,0.004679679679679685,0.003801239275500479,-0.01102240228789328,0.017337940896091555,-0.09049786628733997,-0.09718349928876248,-0.08505689900426737,0.10680814136951718,0.09766487851057112,0.11676396339539287,0.012178877259752623,0.0056731684110370995,0.019517126546146547,-0.012702429149797568,-0.02065789473684207,-0.002813765182186185,0.10680814136951718,male
subgroup_sex_100,Sex bias (δ=1.0),subgroup_sex,1.0,False,3,0.008741023339317778,0.003478456014362736,0.012586026331538002,0.0012756613418737786,-0.0006151556252051799,0.0036412063049080464,-0.00654596869976024,-0.01137243865624723,-0.0007819963720560002,0.014694776589049715,0.003083700440528628,0.025818124606670826,-0.0006840173506840158,-0.0073740407073739885,0.007365699032365754,0.017695424213536697,0.0032888465204957,0.02958770257387993,-0.11635846372688478,-0.1277524893314367,-0.11095305832147939,0.14749921110760492,0.13597349321552538,0.15372357210476492,0.022270456707897242,0.01535442435775452,0.029031874405328263,-0.014524291497975716,-0.024301619433198387,-0.005637651821862356,0.14749921110760492,male
subgroup_sex_100,Sex bias (δ=1.0),subgroup_sex,1.0,False,4,0.016812537402752847,0.00857271095152603,0.022770795930580442,0.0019014155953370232,-0.0003904588020701895,0.004996928116529583,-0.009943792996039477,-0.014019643228114047,-0.00620516581269086,0.019760855884203902,0.005663939584644504,0.03146633102580243,0.0012178845512178875,-0.0074240907574241455,0.01106106106106114,0.036856530028598664,0.019482840800762704,0.05016682554814105,-0.13556899004267425,-0.14695590327169272,-0.12794452347083923,0.1858314925844115,0.17512622278321244,0.19601609340485956,0.034859657469077064,0.025761179828734524,0.044249524262607025,-0.014210526315789474,-0.027540485829959466,-0.004443319838056709,0.1858314925844115,male
subgroup_sex_100,Sex bias (δ=1.0),subgroup_sex,1.0,False,5,0.027124476361460193,0.01883976660682232,0.035057600239377644,0.002206620797488867,-0.000760889466436717,0.0052642246591523565,-0.013535151869579312,-0.018919831749190222,-0.008522346713063227,0.025503461296412833,0.013813719320327263,0.040906230333543014,0.004387721054387719,-0.004404404404404416,0.016107774441107742,0.06083174451858914,0.04187321258341282,0.07822926596758825,-0.14921052631578952,-0.1602275960170697,-0.13909672830725467,0.2227122120542758,0.2129772798990218,0.23452982013253387,0.04970266412940057,0.039200761179828694,0.06018672692673648,-0.011649797570850209,-0.024736842105263158,-0.0019331983805668776,0.2227122120542758,male
subgroup_sex_25,Sex bias (δ=0.25),subgroup_sex,0.25,False,1,-0.0004226511071214911,-0.00299596050269301,0.002704219030520621,-4.114302812687071e-05,-0.0007517953321364478,0.000751795332136434,0.00042265110712148314,-0.0027042190305206506,0.0029959605026929955,0.0014474512271869134,-0.0038231592196350025,0.006922592825676532,-0.00034200867534201206,-0.003345011678344939,0.0023773773773774296,-0.0019542421353670263,-0.007673975214490048,0.0052907530981887805,-0.0131792318634424,-0.016507823613086794,-0.00992176386913228,0.013726727674345223,0.010705269801199197,0.016732407699589846,0.0004222169362511824,-0.0038058991436726863,0.005001189343482309,-0.0019028340080971622,-0.005273279352226734,0.0008097165991902688,0.013726727674345223,male
subgroup_sex_25,Sex bias (δ=0.25),subgroup_sex,0.25,False,2,-0.0003478456014362613,-0.0037589766606822114,0.003156792339916136,0.00024406580208494993,-0.000492680460994587,0.0008611709499064638,-5.78714463226963e-05,-0.002431361940320924,0.0016962843258094974,0.0028162366268092986,-0.005050346129641339,0.009471365638766497,-0.0004838171504838118,-0.004012345679012366,0.0030113446780113844,-0.0025500476644423286,-0.01003336510962819,0.004849857006673067,-0.021735419630156468,-0.02595305832147945,-0.017339971550497796,0.023374881666140733,0.02018775639002844,0.02745345534869037,0.0011774500475737527,-0.0030982397716460748,0.006196479543292146,-0.0030161943319838127,-0.006508097165991899,0.0008502024291497799,0.023374881666140733,male
subgroup_sex_25,Sex bias (δ=0.25),subgroup_sex,0.25,False,3,-0.00011968880909633828,-0.004338719329742724,0.00362058647516454,0.00020522860428855895,-0.0009313103357531273,0.001387959954677096,-0.0002349382757413804,-0.003029615046102669,0.0030838382297921946,0.0033196979232221506,-0.002533039647577065,0.010714285714285733,-0.0005505505505505493,-0.003720387053720414,0.0030363697030364105,-0.0021091515729265873,-0.01195185891325062,0.00526692087702577,-0.028477951635846377,-0.03330014224751068,-0.02303698435277378,0.03133480593247081,0.026175449668665116,0.03633638371726096,0.0021943387250237894,-0.0033480019029495127,0.008325404376783974,-0.004180161943319841,-0.009311740890688314,0.0016497975708501737,0.03133480593247081,male
subgroup_sex_25,Sex bias (δ=0.25),subgroup_sex,0.25,False,4,0.0005498204667863576,-0.0037552363853980615,0.005240125673249596,0.0003789411355846508,-0.0012274329056867692,0.002268284832587195,-0.0007853917115238324,-0.0032827048347394473,0.0015150694236942047,0.004247954688483324,-0.0037759597230963005,0.013860918816865965,-0.00028361695028362164,-0.004713046379713054,0.0043543543543543665,-0.0010605338417540467,-0.011546711153479536,0.008126787416587265,-0.03386201991465149,-0.039551920341394,-0.02729729729729732,0.03871883875039445,0.03344903755127804,0.04328652571789213,0.003639391056137006,-0.002616555661275055,0.009788296860133217,-0.004827935222672064,-0.008512145748987811,0.0012246963562752811,0.03871883875039445,male
subgroup_sex_25,Sex bias (δ=0.25),subgroup_sex,0.25,False,5,0.0010884201077199119,-0.003295182525433915,0.005838569718731304,0.00041555107250930044,-0.0008322277203604393,0.0017257185718336826,-0.0007034897206628641,-0.0028710267711901114,0.002108420393282576,0.004625550660792954,-0.004405286343612369,0.014505978602894824,-2.7755575615628915e-18,-0.006681681681681642,0.005697364030697348,-3.5748331744522854e-05,-0.009568636796949467,0.008150619637750276,-0.03838549075391182,-0.043243243243243246,-0.03323613086770984,0.04487219943199747,0.03878983906595142,0.05210634269485642,0.004906041864890584,-0.000493577545194998,0.011215509039010418,-0.00552631578947369,-0.010121457489878475,0.001639676113360296,0.04487219943199747,male
subgroup_sex_40,Sex bias (δ=0.4),subgroup_sex,0.4,True,1,-0.0004600538599640991,-0.0035981448234589765,0.002408737283064085,0.00011594853381208906,-0.0007517953321364478,0.0010547576301615886,0.0004600538599640918,-0.002408737283064038,0.0035981448234590025,0.002470106985525483,-0.0037916928886091994,0.008889238514789129,-0.0007340674007340675,-0.004346012679346025,0.002686019352686066,-0.002287893231649185,-0.012404671115347949,0.006708770257387967,-0.021344238975817935,-0.027076813655761083,-0.01676386913229018,0.022704323130325024,0.019832754812243593,0.02620700536446832,0.000993101807802091,-0.0038237392959086514,0.004567078972407196,-0.0029757085020242825,-0.0077024291497975435,3.0364372469633355e-05,0.022704323130325024,male
subgroup_sex_40,Sex bias (δ=0.4),subgroup_sex,0.4,True,2,-0.0002842609216038239,-0.0037402752842609077,0.0030258827049670957,0.0003545237032287343,-0.0006509971360931026,0.0012150354786849588,-0.000163694908832295,-0.003071361812524135,0.003013572278122936,0.004043423536815605,-0.002611705475141679,0.010745752045311533,-0.00087587587587587,-0.005347013680347004,0.0030113446780113844,-0.002716873212583415,-0.010617254528122086,0.004385128693994342,-0.03492176386913228,-0.040718349928876206,-0.030156472261735453,0.03813505837803723,0.03344114862732726,0.04514042284632371,0.0023905803996194215,-0.002158658420551879,0.008087535680304514,-0.004919028340080972,-0.010536437246963487,-0.0011538461538461338,0.03813505837803723,male
subgroup_sex_40,Sex bias (δ=0.4),subgroup_sex,0.4,True,3,8.228605625373586e-05,-0.0029997007779772713,0.004645421903052043,0.0003187390240726201,-0.0008694986365240764,0.002059073865908227,-0.0003945022449707481,-0.003961074215793892,0.0030573174275553487,0.0050503461296412784,-0.0025645059786028684,0.013263058527375698,-0.0010593927260593827,-0.005096763430096759,0.0036786786786787064,-0.0020495710200190615,-0.010974737845567253,0.004921353670162101,-0.04581081081081082,-0.0506685633001423,-0.040675675675675746,0.05098611549384664,0.04543231303250238,0.057754812243610024,0.004073501427212187,-0.0019207897240723082,0.010977640342530957,-0.0068218623481781345,-0.012165991902834012,-0.0008097165991902688,0.05098611549384664,male
subgroup_sex_40,Sex bias (δ=0.4),subgroup_sex,0.4,True,4,0.0013913824057450648,-0.0030333632555356203,0.0053934769599042025,0.000560131356195773,-0.0007197184251846269,0.002294642385846304,-0.001553610389591197,-0.004996400334164931,0.0013091874626611037,0.006167400881057258,-0.0031780994336060354,0.014521711768407835,-0.00031698365031698484,-0.0067067067067066695,0.005347013680347004,0.00021448999046711493,-0.012392755004766443,0.011975691134413737,-0.054061166429587484,-0.060896159317211956,-0.048015647226173554,0.06289839065951405,0.057100031555695846,0.06943830861470493,0.0065057088487155135,-0.001201236917221718,0.013820171265461496,-0.007469635627530366,-0.01297570850202428,-0.0016093117408906626,0.06289839065951405,male
subgroup_sex_40,Sex bias (δ=0.4),subgroup_sex,0.4,True,5,0.0028538300418910756,-0.0016569419509275568,0.007334679832435625,0.0006461463881872121,-0.0010808412753677674,0.0019974837443557086,-0.001899855221421682,-0.005110016292983283,0.0020186158129640473,0.00709565764631844,-0.0019037130270609965,0.017636878539962264,0.00035035035035036187,-0.0063646980313646654,0.0060226893560226665,0.003217349857006671,-0.005791229742612028,0.013929933269780682,-0.060689900426742535,-0.06574679943100997,-0.056799431009957345,0.07333543704638687,0.06720574313663606,0.0811060271378984,0.009247145575642237,0.002360846812559517,0.0162345385347288,-0.0082085020242915,-0.014180161943319804,-0.0026821862348178796,0.07333543704638687,male
subgroup_sex_50,Sex bias (δ=0.5),subgroup_sex,0.5,False,1,-0.0006283662477558378,-0.004342459605026982,0.0034522740873728914,0.00018701376421304642,-0.000901406343506888,0.0012043686415320288,0.0006283662477558329,-0.0034522740873728242,0.004342459605026936,0.0028949024543738237,-0.0038231592196350025,0.0114222781623663,-0.0006506506506506471,-0.004062395729062415,0.003678678678678598,-0.0032650142993327024,-0.013834604385128749,0.007233079122974329,-0.026934566145092466,-0.03357752489331435,-0.020462304409672852,0.028550015777847902,0.024211107604922705,0.03408015146733989,0.0012963843958135018,-0.004281636536631828,0.006684110371075154,-0.003957489878542511,-0.008957489878542571,0.0004048582995951344,0.028550015777847902,male
subgroup_sex_50,Sex bias (δ=0.5),subgroup_sex,0.5,False,2,-0.0001159485338120797,-0.004349940155595397,0.004357420706164027,0.000529271593698635,-0.0005887024948005206,0.0014967634060759128,-0.0005140381939293703,-0.0036226232882218988,0.0025019452537041464,0.004830081812460657,-0.004405286343612369,0.01637822529893013,-0.0006840173506840131,-0.006339673006339644,0.002727727727727774,-0.0030505243088655874,-0.015336034318398481,0.007709723546234563,-0.04396159317211949,-0.051244665718349916,-0.03811522048364156,0.04851688229725465,0.04227674345219311,0.05494635531713471,0.003455042816365372,-0.0014272121788772019,0.00977045670789725,-0.006295546558704457,-0.01377530364372467,0.0004048582995951344,0.04851688229725465,male
subgroup_sex_50,Sex bias (δ=0.5),subgroup_sex,0.5,False,3,0.0008640035906642918,-0.00299596050269301,0.004671603830041977,0.00039242992585377735,-0.000850868383784665,0.0019755437346987465,-0.0010938432240841102,-0.004315412276243379,0.0023215318612544306,0.006419131529263694,-0.003209565764631836,0.015733165512901163,-0.0010510510510510524,-0.00571404738071403,0.0040373707040373885,-0.000607721639656822,-0.009127740705433754,0.009640133460438498,-0.0573968705547653,-0.06321479374110961,-0.05286628733997158,0.06548595771536762,0.05957715367623852,0.07169454086462611,0.006196479543292108,0.0013974785918173694,0.012155090390104612,-0.008340080971659919,-0.015819838056680212,-0.002763157894736905,0.06548595771536762,male
subgroup_sex_50,Sex bias (δ=0.5),subgroup_sex,0.5,False,4,0.0029548174745661266,-0.0015372531418312988,0.006897067624177152,0.0007361748826834134,-0.0010557880215830665,0.0023420194471108625,-0.002519972310255874,-0.005177195248100769,0.00018668501143870834,0.0078193832599119,-0.0044367526746381695,0.0170075519194462,-0.00021688355021688143,-0.007023690357023754,0.005722389055722368,0.0038012392755004732,-0.009556720686368068,0.015729265967588172,-0.06750355618776673,-0.07341394025604545,-0.06310099573257466,0.08110602713789841,0.07503155569580311,0.08710949826443673,0.009800190294957187,0.0032825880114176393,0.01688867745004763,-0.008866396761133596,-0.015799595141700342,-0.0023886639676112954,0.08110602713789841,male
subgroup_sex_50,Sex bias (δ=0.5),subgroup_sex,0.5,False,5,0.005146618791143015,-0.0005086774386594271,0.00899536205864744,0.0008165622417863197,-0.0013950032712119406,0.0025468573712890854,-0.002892552447009189,-0.006515603304756258,0.000693062831950973,0.009188168659534295,-0.0013058527375708394,0.02076777847702949,0.0006923590256923656,-0.006398064731398034,0.007115448782115507,0.008448522402287892,-0.0029194470924690267,0.022414204003813127,-0.0754267425320057,-0.08137268847795166,-0.07025604551920347,0.09451719785421268,0.08702272010097822,0.1006863363837172,0.013463368220742154,0.005643434823977156,0.020492388201712675,-0.009200404858299593,-0.015829959514169982,-0.0019736842105262833,0.09451719785421268,male
subgroup_sex_75,Sex bias (δ=0.75),subgroup_sex,0.75,False,1,-0.0007443147815679229,-0.005097995212447665,0.003908587672052665,0.0003740275284260915,-0.000905146618791149,0.0016644225014961044,0.0007443147815679214,-0.003908587672052667,0.005097995212447631,0.003335431088735058,-0.0075676526117055025,0.011453744493392105,-0.0009342676009342604,-0.006423089756423059,0.003361695028361729,-0.0035629170638703522,-0.015776930409914194,0.005731649189704495,-0.0409601706970128,-0.04697012802275963,-0.03409672830725455,0.043862417166298524,0.03528715683180808,0.049226885452824165,0.002414367269267359,-0.004519505233111287,0.007421503330161708,-0.006244939271255065,-0.011457489878542528,-0.001194331983805756,0.043862417166298524,male
subgroup_sex_75,Sex bias (δ=0.75),subgroup_sex,0.75,False,2,0.0010510173548773205,-0.0039048473967684045,0.006347247157390836,0.0007604542078595096,-0.0002248078853359668,0.0020838265330159946,-0.0018795738424944002,-0.006713747796297725,0.0009720615044803543,0.00638766519823788,-0.0032095657646318385,0.0170075519194462,-0.0005088421755088223,-0.006723390056723349,0.006364698031364665,-0.0007626310772163997,-0.015776930409914194,0.011534795042898024,-0.0660099573257468,-0.07431721194879094,-0.060874822190611674,0.07543389081729253,0.06497317765856732,0.0827627011675607,0.007088487155090389,0.0009039010466222632,0.012488106565176103,-0.00943319838056679,-0.017408906882591113,-0.0015384615384615127,0.07543389081729253,male
subgroup_sex_75,Sex bias (δ=0.75),subgroup_sex,0.75,False,3,0.003755236385397978,-0.00032166367444636516,0.008396918013165843,0.0007358103048099357,-0.00105352724690586,0.0027040202241523695,-0.003093061491421912,-0.007470381902648504,0.0006014078257489977,0.009140969162995597,-0.0038231592196350025,0.01954059156702326,-0.0006089422756089397,-0.007040373707040434,0.007057057057057117,0.00591039084842708,-0.005266920877025771,0.017171115347950478,-0.08565433854907538,-0.09332859174964439,-0.07994310099573254,0.10292679078573683,0.09214263174503001,0.11079204796465762,0.012636774500475742,0.0059348239771646214,0.019766888677450092,-0.011599190283400817,-0.019848178137651905,-0.0016194331983806487,0.10292679078573683,male
subgroup_sex_75,Sex bias (δ=0.75),subgroup_sex,0.75,False,4,0.008146319569120283,0.002236684619987955,0.011972621184919147,0.0011931413569145715,-0.0008001968487472498,0.004103363424794557,-0.00538767643052399,-0.008332924647804654,-0.002136501477063502,0.012271869100062935,-0.0019351793580867998,0.0226714915040907,0.0007007007007007043,-0.007724391057724439,0.009684684684684688,0.015657769304099144,0.002323641563393733,0.026727836034318327,-0.10017780938833569,-0.10679231863442396,-0.09471550497866284,0.12829757021142316,0.11833385926159679,0.13665982959924264,0.0196360608943863,0.013058991436726985,0.027592768791626976,-0.0117004048582996,-0.019898785425101193,-0.0011437246963562587,0.12829757021142316,male
subgroup_sex_75,Sex bias (δ=0.75),subgroup_sex,0.75,False,5,0.013191950927588259,0.006579144225014944,0.017972022740873794,0.0014154702056882551,-0.0009754630035481375,0.004068925543321533,-0.006691008269674829,-0.01089475739488224,-0.0019163739288526427,0.015402769037130268,0.004310887350534854,0.02707677784770296,0.002585919252585919,-0.00571404738071403,0.01137804471137812,0.026668255481410868,0.015121544327931372,0.03767874165872257,-0.11120199146514938,-0.11784495021337128,-0.10517069701280228,0.1511675607447144,0.1422925213000946,0.15970337645945093,0.02727164605137965,0.018785680304471874,0.03474666983824928,-0.011082995951417008,-0.020678137651821825,-0.0031680161943320392,0.1511675607447144,male
