model,label,family,strength,is_baseline,share_same_job,share_different_job,share_no_job,survival_share_step1,brier,logloss,ece_nojob,auc_nojob,auc_different_job,spearman_nojob,spearman_different_job,sd_p_nojob,max_subgroup_nojob_calib_gap,max_abs_dev_pp_test,cohort_step1_max_abs_dev_pp,aggregate_match_within_0.5pp,drift_step5_survival,drift_step5_ci_lo,drift_step5_ci_hi,max_abs_subgroup_drift,max_subgroup,drift_step5_se,monotone_agg_drift_strict,monotone_agg_drift_within_MC_noise,monotone_max_subgroup_drift_strict,monotone_max_subgroup_drift_within_MC_noise
shuffle,Shuffle,shuffle,1.0,True,0.8614262212053712,0.0739345045968792,0.06463927419775427,0.9353607258022457,0.2578885825402062,0.5377381382235757,0.03565614654212363,0.4984705868360332,0.49924096788199407,-0.01043150788675286,-0.0009714548750036855,0.07309317192621104,0.03567009955853436,2.55351295663786e-13,1.3877787807814457e-15,True,-0.02721050269299823,-0.040881208856971905,-0.014340215439856361,0.14700905624404195,age50+,0.0010272496226122064,,,,
collapse_0.75,Collapse λ=0.75,collapse,0.25,False,0.8614262212053678,0.07393450459687897,0.06463927419775414,0.9353607258022458,0.21750258488605204,0.4262887135000177,0.017277067349154077,0.7646644782226029,0.7293006107105724,1.0,1.0,0.05481987894465826,0.02145527204402256,7.771561172376096e-14,5.551115123125783e-15,True,-0.0177850089766607,-0.023488928785158625,-0.010603680430879715,0.04001501501501501,age35-49,0.0005805588296155198,True,True,True,
collapse_0.5,Half collapse (λ=0.5),collapse,0.5,True,0.8614262212053677,0.07393450459687945,0.06463927419775367,0.9353607258022463,0.2200919859522017,0.4344871670223113,0.018517353986970332,0.7646644782226029,0.7293006107105724,1.0,1.0,0.03654658596310549,0.023025118856428876,8.881784197001252e-14,1.1102230246251565e-14,True,-0.03236086175942552,-0.04236609814482344,-0.025067324955116706,0.0774024024024024,age35-49,0.0008904474031712928,True,True,True,
collapse_0.25,Collapse λ=0.25,collapse,0.75,False,0.8614262212053722,0.07393450459687889,0.06463927419775371,0.9353607258022463,0.2256356877865726,0.44923045166612163,0.025392019674716052,0.7646644782226029,0.7293006107105724,1.0,1.0,0.01827329298155274,0.02960721287764722,3.552713678800501e-13,1.8041124150158794e-14,True,-0.04289347695990427,-0.056257480550568555,-0.03141831238779169,0.11236236236236234,age35-49,0.0011071007478401285,True,True,True,
collapse_0.0,Mode collapse (λ=0),collapse,1.0,True,0.8614262212051215,0.07393450459687759,0.06463927419773499,0.935360725802265,0.23413369038916473,0.4742211496582323,0.017072658914776412,0.5,0.5,,,0.0,0.03618930689886556,2.4713564528155985e-11,2.0816681711721685e-14,True,-0.050149611011370464,-0.06347621184919218,-0.03751122082585277,0.14412746079412747,age35-49,0.0012213479505175258,True,True,True,
collapse_1.0,Collapse λ=1 (проверка тождества),collapse,0.0,False,0.8614262212053686,0.07393450459687914,0.06463927419775382,0.9353607258022462,0.21786748458812355,0.4246770818052552,0.0170726589147767,0.7646644782226029,0.7293006107105724,1.0,1.0,0.07309317192621105,0.0311171721792365,0.0,0.0,True,0.0,0.0,0.0,0.0,age<35,0.0,True,True,True,
persistence_0.0,Persistence 0%,persistence,0.0,False,0.8614262212053686,0.07393450459687914,0.06463927419775382,0.9353607258022462,0.21786748458812355,0.4246770818052552,0.017072658914776693,0.7646644782226029,0.7293006107105724,1.0,1.0,0.07309317192621105,0.0311171721792365,0.0,0.0,True,0.0,0.0,0.0,0.0,age<35,0.0,True,True,True,
persistence_0.25,Persistence 25%,persistence,0.25,False,0.8612061966198524,0.07409739066168852,0.06469641271845926,0.9353035872815407,0.2222531968335906,0.43553745360077006,0.017129797435482014,0.7516288446442587,0.697831163377932,0.9260964345230599,0.8513580962413976,0.07201284722709927,0.03318564558530673,0.022002458551617643,0.01077343004525222,True,-0.011389138240574517,-0.01676017354877323,-0.005973219628964714,0.015085795996186849,age50+,0.0004585168204287467,True,True,True,
persistence_0.5,Persistence 50%,persistence,0.5,True,0.8612803851982174,0.07430482424177297,0.06441479056000922,0.9355852094399908,0.22801196436658924,0.4492793478356188,0.016848175277031845,0.7315018197388139,0.6607217839147177,0.8512319422146878,0.7088147295552867,0.07001274285216792,0.03502726177425006,0.037031964489382674,0.014687656423806317,True,-0.023971424296828255,-0.031235038898862873,-0.0170145122681029,0.02979027645376549,age50+,0.0006575183114740403,True,True,True,
persistence_0.75,Persistence 75%,persistence,0.75,False,0.860554828764653,0.07443418088090835,0.06501099035443762,0.9349890096455624,0.23337887852005573,0.4631393535175943,0.01749103059749333,0.708898879611789,0.6193120793866614,0.7752365102442262,0.5469995301168056,0.06983937789950366,0.03789703261962919,0.0871392440715657,0.0432527696926463,True,-0.03438061041292641,-0.04327498503889895,-0.02667190305206461,0.045316968541468064,age50+,0.0007966752586216035,True,True,True,
persistence_1.0,Persistence 100%,persistence,1.0,True,0.8615009221853752,0.07390914886152657,0.06458992895309772,0.9354100710469023,0.2377246247427509,0.4743243757269527,0.017063453717631696,0.6937337948095815,0.578460919379349,0.6963837525151643,0.3713648666584154,0.06749167534800707,0.03918428627560647,0.0074700980006614515,0.131773078102837,True,-0.047639886295631366,-0.05475388988629569,-0.03983767205266312,0.060498093422306956,age50+,0.0008168381721790265,True,True,True,
subgroup_age_25,Age bias (δ=0.25),subgroup_age,0.25,False,0.8625952995725413,0.07333639458165112,0.06406830584580632,0.9359316941541936,0.2178548760724483,0.4247594809066418,0.016501690562829175,0.7649771640619424,0.7292825436181031,0.98064723552749,0.9998094830657047,0.07037720541630918,0.02891181534614269,0.11690783671727267,0.11801763085830252,True,0.006178934769599034,0.002064631956912047,0.010626122082585279,0.05452812202097235,age50+,0.00032844599719208636,True,True,True,
subgroup_age_50,Age bias (δ=0.5),subgroup_age,0.5,True,0.8639586938232252,0.07268290368408956,0.06335840249268573,0.9366415975073142,0.21894969778480616,0.4273568464983681,0.015791787209708467,0.7536987083422536,0.7290598113595594,0.9038742683083324,0.999102483022182,0.07068966717735016,0.04819654053415151,0.2532472617856607,0.25535570248163,True,0.01553710353081986,0.011183423099940115,0.02006657690005982,0.12482125834127741,age50+,0.0004268622322312308,True,True,True,
subgroup_age_75,Age bias (δ=0.75),subgroup_age,0.75,False,0.8657834988177423,0.07194550081601934,0.06227100036624203,0.937728999633758,0.22205563312298301,0.4358789877241131,0.014704385083264698,0.710180784509622,0.7286149895453662,0.6845330182207117,0.9974786248847102,0.07632503544747737,0.07108959668850039,0.43572776123737,0.4381160442058052,True,0.03269000598444044,0.026305356074207094,0.038749251944943164,0.2292659675881792,age50+,0.0005409972447946147,True,True,True,
subgroup_age_100,Age bias (δ=1.0),subgroup_age,1.0,False,0.8689082230117651,0.07110641216500467,0.05998536482322737,0.9400146351767726,0.22998906614446477,0.6681850011212248,0.035123053749821484,0.5382994362377793,0.7275426040607397,0.13575671386936283,0.9938467612311627,0.09256550244397255,0.1003347493941454,0.7482001806396466,0.7471161957890438,False,0.06874251944943147,0.059664871334530314,0.07813061041292638,0.4087106768350811,age50+,0.0007290152311746901,True,True,True,
subgroup_educ_25,Education bias (δ=0.25),subgroup_educ,0.25,False,0.8607911411921727,0.07363117010414105,0.0655776887036861,0.9344223112963139,0.2185655922299665,0.4259205533265415,0.01801107342070903,0.7606276314850496,0.7290754504633172,0.971189911373953,0.9998355907566888,0.07795504393169092,0.03253240568129177,0.09384145059322807,0.09369943794305807,True,0.0011295631358467755,-0.0032914422501496565,0.005240125673249598,0.046568825910931165,univ,0.0003890679271201639,True,True,True,
subgroup_educ_50,Education bias (δ=0.5),subgroup_educ,0.5,True,0.8601168760886422,0.07335627845318314,0.06652684545817882,0.9334731545418212,0.2198607455860922,0.4293581510114159,0.018960230175201764,0.7482890887033469,0.7288214399972578,0.9012348331745923,0.9994143383174048,0.08391266384935687,0.036950392685730436,0.18875712604249917,0.1885929516142082,True,0.0030558049072411638,-0.0013913824057451062,0.008838270496708574,0.09059716599190284,univ,0.00048012254532579476,True,True,True,
subgroup_educ_75,Education bias (δ=0.75),subgroup_educ,0.75,False,0.8593955457437619,0.07309741423492,0.06750704002132119,0.9324929599786789,0.22168813012858352,0.43673248416173316,0.01994042473834381,0.7269894621660838,0.728572928211515,0.8078755254637038,0.9987855588154226,0.09066679137517711,0.04463191052482086,0.28677658235673614,0.28665310268778527,True,0.005617893476959896,0.00028426092160375457,0.011542489527229197,0.1332894736842105,univ,0.0005147383182412606,True,True,True,
subgroup_educ_100,Education bias (δ=1.0),subgroup_educ,1.0,False,0.85862266801979,0.07284665742379036,0.06853067455641328,0.9314693254435867,0.22408810052833075,0.5509370150318326,0.025628389733009505,0.704706463046219,0.7282249760057586,0.7476124587536697,0.9979677946665312,0.09819448546972537,0.052098323083392024,0.38914003586594526,0.3890074751924294,True,0.010113704368641518,0.005075553560741991,0.01574281867145414,0.17879554655870447,univ,0.0005340516154395307,True,True,True,
subgroup_sex_25,Sex bias (δ=0.25),subgroup_sex,0.25,False,0.8612082484871277,0.07405575465783966,0.06473599685503106,0.9352640031449689,0.21844977225748358,0.4250106659723301,0.017169381572053735,0.7668523276005614,0.7293464568503559,0.9624549245051557,0.9997238048139273,0.07561905985066047,0.03247756293678632,0.02179727182408664,0.021496431791367954,True,0.0010884201077199119,-0.003295182525433915,0.005838569718731304,0.04487219943199747,male,0.0003739503173386426,True,True,True,
subgroup_sex_40,Sex bias (δ=0.4),subgroup_sex,0.4,True,0.8611216278950579,0.07414632402908221,0.06473204807586112,0.9352679519241389,0.21935699773514103,0.426610747799524,0.017165432792883767,0.7611395370965055,0.7292686183887295,0.9056217382730185,0.9992904092465521,0.07873077675172359,0.03447232435014717,0.03045933103107412,0.030106601626300744,True,0.0028538300418910756,-0.0016569419509275568,0.007334679832435625,0.07333543704638687,male,0.0003993480768959743,True,True,True,
subgroup_sex_50,Sex bias (δ=0.5),subgroup_sex,0.5,False,0.8610851842123873,0.07421582396452196,0.06469899182308952,0.9353010081769104,0.22021931254791652,0.42845150037032276,0.017132376540112217,0.7539764266514427,0.729182924669508,0.8544525383909539,0.9988849218734049,0.08146699897411688,0.03975609302112649,0.034103699298126955,0.0337732975014049,True,0.005146618791143015,-0.0005086774386594271,0.00899536205864744,0.09451719785421268,male,0.0004681972161992247,True,True,True,
subgroup_sex_75,Sex bias (δ=0.75),subgroup_sex,0.75,False,0.8610981451327686,0.07443281274311231,0.0644690421241199,0.9355309578758801,0.22348189198825327,0.43798392249762347,0.022772574428097617,0.7197325102880658,0.72887735514905,0.6806207034209141,0.9973835705619618,0.090785160226089,0.05348565816425733,0.04983081462331673,0.0453186289952931,True,0.013191950927588259,0.006579144225014944,0.017972022740873794,0.1511675607447144,male,0.0004869770063736362,True,True,True,
subgroup_sex_100,Sex bias (δ=1.0),subgroup_sex,1.0,False,0.8613745007183933,0.0747496194331016,0.06387587984850479,0.9361241201514952,0.22909325105870473,0.63541908677046,0.038806252946639266,0.6633269107257547,0.7283769038287954,0.5157407595260235,0.9949785843720701,0.10455526994337512,0.06858053610188045,0.0815114836222458,0.07561598657826879,True,0.027124476361460193,0.01883976660682232,0.035057600239377644,0.2227122120542758,male,0.00069801069988757,True,True,True,
