model,step,mean,lo,hi,label
collapse_0.0,0,1.0,1.0,1.0,Mode collapse (λ=0)
collapse_0.0,1,0.935405445840814,0.9302513464991023,0.9409447935368043,Mode collapse (λ=0)
collapse_0.0,2,0.8748690903650509,0.8660495212447636,0.882454368641532,Mode collapse (λ=0)
collapse_0.0,3,0.8185181029323758,0.8095264811490125,0.8275022441651706,Mode collapse (λ=0)
collapse_0.0,4,0.7652902453620586,0.755662776780371,0.7768252543387193,Mode collapse (λ=0)
collapse_0.0,5,0.7159859365649311,0.7033138839018551,0.7268289946140036,Mode collapse (λ=0)
collapse_0.25,0,1.0,1.0,1.0,Collapse λ=0.25
collapse_0.25,1,0.9358056552962299,0.930262567324955,0.941098144823459,Collapse λ=0.25
collapse_0.25,2,0.8777378815080791,0.8690828845002992,0.8851286654697785,Collapse λ=0.25
collapse_0.25,3,0.8234328246558945,0.8129675344105326,0.8313996110113705,Collapse λ=0.25
collapse_0.25,4,0.7716823758228605,0.7611834230999401,0.7832211250748056,Collapse λ=0.25
collapse_0.25,5,0.7232420706163973,0.7137081089168164,0.7320616397366847,Collapse λ=0.25
collapse_0.5,0,1.0,1.0,1.0,Half collapse (λ=0.5)
collapse_0.5,1,0.9360487731897068,0.9309956612806702,0.9412103530819869,Half collapse (λ=0.5)
collapse_0.5,2,0.8807824655894674,0.8733580191502095,0.8866808797127468,Half collapse (λ=0.5)
collapse_0.5,3,0.8289085876720528,0.8211811789347696,0.8369913225613406,Half collapse (λ=0.5)
collapse_0.5,4,0.7802102034709755,0.7701825254338719,0.7910682226211849,Half collapse (λ=0.5)
collapse_0.5,5,0.7337746858168761,0.722318222621185,0.7429570616397366,Half collapse (λ=0.5)
collapse_0.75,0,1.0,1.0,1.0,Collapse λ=0.75
collapse_0.75,1,0.9363330341113105,0.9317063135846799,0.9415020945541592,Collapse λ=0.75
collapse_0.75,2,0.8846573907839618,0.8778874925194494,0.8919845900658289,Collapse λ=0.75
collapse_0.75,3,0.8368604129263915,0.8312986235786954,0.8456350987432675,Collapse λ=0.75
collapse_0.75,4,0.7916367444643926,0.7838233093955715,0.8005610412926392,Collapse λ=0.75
collapse_0.75,5,0.748350538599641,0.7407764811490125,0.7564669359664871,Collapse λ=0.75
collapse_1.0,0,1.0,1.0,1.0,Collapse λ=1 (проверка тождества)
collapse_1.0,1,0.9364377618192699,0.931923249551167,0.9423174745661281,Collapse λ=1 (проверка тождества)
collapse_1.0,2,0.8887342908438061,0.8823870436864153,0.8947935368043087,Collapse λ=1 (проверка тождества)
collapse_1.0,3,0.8455789946140037,0.8385285757031717,0.8516419808497906,Collapse λ=1 (проверка тождества)
collapse_1.0,4,0.8050157091561939,0.796072710951526,0.8140783961699581,Collapse λ=1 (проверка тождества)
collapse_1.0,5,0.7661355475763016,0.7572935368043088,0.7754525733093957,Collapse λ=1 (проверка тождества)
persistence_0.0,0,1.0,1.0,1.0,Persistence 0%
persistence_0.0,1,0.9364377618192699,0.931923249551167,0.9423174745661281,Persistence 0%
persistence_0.0,2,0.8887342908438061,0.8823870436864153,0.8947935368043087,Persistence 0%
persistence_0.0,3,0.8455789946140037,0.8385285757031717,0.8516419808497906,Persistence 0%
persistence_0.0,4,0.8050157091561939,0.796072710951526,0.8140783961699581,Persistence 0%
persistence_0.0,5,0.7661355475763016,0.7572935368043088,0.7754525733093957,Persistence 0%
persistence_0.25,0,1.0,1.0,1.0,Persistence 25%
persistence_0.25,1,0.9361684619988031,0.9326152004787552,0.9421117594254937,Persistence 25%
persistence_0.25,2,0.8856859664871335,0.8787514961101137,0.8920369539198085,Persistence 25%
persistence_0.25,3,0.839534709754638,0.8315267803710353,0.8466898563734291,Persistence 25%
persistence_0.25,4,0.7962971274685817,0.7862021244763614,0.8041891083183722,Persistence 25%
persistence_0.25,5,0.7547464093357271,0.7447336923997606,0.7650433871932975,Persistence 25%
persistence_0.5,0,1.0,1.0,1.0,Persistence 50%
persistence_0.5,1,0.935637342908438,0.9295855774985039,0.9425531119090366,Persistence 50%
persistence_0.5,2,0.8821850688210653,0.8744950628366248,0.8894449431478157,Persistence 50%
persistence_0.5,3,0.832854578096948,0.8241733991621784,0.8409747157390784,Persistence 50%
persistence_0.5,4,0.7860637342908439,0.7741546977857571,0.7976099640933573,Persistence 50%
persistence_0.5,5,0.7421641232794733,0.7300007480550569,0.7524012567324956,Persistence 50%
persistence_0.75,0,1.0,1.0,1.0,Persistence 75%
persistence_0.75,1,0.9353717833632554,0.9305692698982645,0.9415806403351287,Persistence 75%
persistence_0.75,2,0.8787888988629561,0.8708520347097547,0.8866285158587671,Persistence 75%
persistence_0.75,3,0.8264549670855775,0.8195578994614003,0.8328994614003591,Persistence 75%
persistence_0.75,4,0.7772815679233991,0.7678934769599042,0.7847770795930581,Persistence 75%
persistence_0.75,5,0.7317549371633751,0.7210689706762418,0.7426690604428486,Persistence 75%
persistence_1.0,0,1.0,1.0,1.0,Persistence 100%
persistence_1.0,1,0.934661131059246,0.9296716038300419,0.9415357570317175,Persistence 100%
persistence_1.0,2,0.8743043087971275,0.8677139437462598,0.8838008677438659,Persistence 100%
persistence_1.0,3,0.8186527528426092,0.8111722022740874,0.8276855176540994,Persistence 100%
persistence_1.0,4,0.7667339916217835,0.7577311490125673,0.7776855176540993,Persistence 100%
persistence_1.0,5,0.7184956612806703,0.7101698084979055,0.7243304907241173,Persistence 100%
ref,0,1.0,1.0,1.0,Reference
ref,1,0.9364377618192699,0.931923249551167,0.9423174745661281,Reference
ref,2,0.8887342908438061,0.8823870436864153,0.8947935368043087,Reference
ref,3,0.8455789946140037,0.8385285757031717,0.8516419808497906,Reference
ref,4,0.8050157091561939,0.796072710951526,0.8140783961699581,Reference
ref,5,0.7661355475763016,0.7572935368043088,0.7754525733093957,Reference
shuffle,0,1.0,1.0,1.0,Shuffle
shuffle,1,0.9357832136445243,0.9323346798324357,0.9391157989228007,Shuffle
shuffle,2,0.8847434171154998,0.8786318073010174,0.8899723219628964,Shuffle
shuffle,3,0.8350912627169361,0.8263988629563136,0.8435891681627767,Shuffle
shuffle,4,0.7867743865948533,0.7758340813883902,0.7945055356074207,Shuffle
shuffle,5,0.7389250448833034,0.7303111909036505,0.7486647217235188,Shuffle
subgroup_age_100,0,1.0,1.0,1.0,Age bias (δ=1.0)
subgroup_age_100,1,0.9401705565529623,0.9355176540993417,0.9450927588270497,Age bias (δ=1.0)
subgroup_age_100,2,0.9052513464991023,0.8986759425493717,0.9113479952124477,Age bias (δ=1.0)
subgroup_age_100,3,0.877206762417714,0.8714205565529622,0.8832959305804907,Age bias (δ=1.0)
subgroup_age_100,4,0.854484590065829,0.8467871035308199,0.8612993716337523,Age bias (δ=1.0)
subgroup_age_100,5,0.8348780670257332,0.8271768402154398,0.841543237582286,Age bias (δ=1.0)
subgroup_age_25,0,1.0,1.0,1.0,Age bias (δ=0.25)
subgroup_age_25,1,0.9367257630161578,0.9322075104727707,0.942732645122681,Age bias (δ=0.25)
subgroup_age_25,2,0.8903463494913225,0.8846424296828247,0.8965402453620586,Age bias (δ=0.25)
subgroup_age_25,3,0.8487357869539197,0.8412627169359664,0.8552251645721125,Age bias (δ=0.25)
subgroup_age_25,4,0.8098219628964692,0.800100987432675,0.8184133752244165,Age bias (δ=0.25)
subgroup_age_25,5,0.7723144823459007,0.7635210951526032,0.7812761819269899,Age bias (δ=0.25)
subgroup_age_50,0,1.0,1.0,1.0,Age bias (δ=0.5)
subgroup_age_50,1,0.9372830640335129,0.9320691202872531,0.9436078695391981,Age bias (δ=0.5)
subgroup_age_50,2,0.8928111909036506,0.8843506882106523,0.9012716935966487,Age bias (δ=0.5)
subgroup_age_50,3,0.8535083782166367,0.8472733393177738,0.8620661280670258,Age bias (δ=0.5)
subgroup_age_50,4,0.8167601735487733,0.8080827348892878,0.8264549670855775,Age bias (δ=0.5)
subgroup_age_50,5,0.7816726511071215,0.7719367145421903,0.7922164871334529,Age bias (δ=0.5)
subgroup_age_75,0,1.0,1.0,1.0,Age bias (δ=0.75)
subgroup_age_75,1,0.938117145421903,0.9328246558946739,0.9433198683423101,Age bias (δ=0.75)
subgroup_age_75,2,0.8969928186714544,0.8903313883901856,0.9032390783961699,Age bias (δ=0.75)
subgroup_age_75,3,0.8614938659485339,0.8561377917414722,0.8670780969479354,Age bias (δ=0.75)
subgroup_age_75,4,0.8295406941950928,0.8237694494314781,0.8368417115499701,Age bias (δ=0.75)
subgroup_age_75,5,0.798825553560742,0.792074356672651,0.807469329742669,Age bias (δ=0.75)
subgroup_educ_100,0,1.0,1.0,1.0,Education bias (δ=1.0)
subgroup_educ_100,1,0.9317586774386596,0.9272516457211251,0.9377094554159187,Education bias (δ=1.0)
subgroup_educ_100,2,0.885536355475763,0.8783138839018552,0.8929720227408737,Education bias (δ=1.0)
subgroup_educ_100,3,0.8448122381807301,0.8364676840215439,0.8524910233393178,Education bias (δ=1.0)
subgroup_educ_100,4,0.809230999401556,0.8010659784560143,0.8168948234590067,Education bias (δ=1.0)
subgroup_educ_100,5,0.7762492519449431,0.7670032914422501,0.7854578096947935,Education bias (δ=1.0)
subgroup_educ_25,0,1.0,1.0,1.0,Education bias (δ=0.25)
subgroup_educ_25,1,0.9353605625374029,0.9312874027528426,0.941285158587672,Education bias (δ=0.25)
subgroup_educ_25,2,0.8879563135846797,0.881193895870736,0.8946663674446439,Education bias (δ=0.25)
subgroup_educ_25,3,0.8450553560742069,0.8365948533812089,0.8528650508677439,Education bias (δ=0.25)
subgroup_educ_25,4,0.8054458408138838,0.7935368043087971,0.8160532615200479,Education bias (δ=0.25)
subgroup_educ_25,5,0.7672651107121483,0.7569494314781569,0.7772628665469778,Education bias (δ=0.25)
subgroup_educ_50,0,1.0,1.0,1.0,Education bias (δ=0.5)
subgroup_educ_50,1,0.9344142728904845,0.9293798623578695,0.9397740873728306,Education bias (δ=0.5)
subgroup_educ_50,2,0.8872643626570916,0.8804159186116098,0.8930356074207062,Education bias (δ=0.5)
subgroup_educ_50,3,0.8447673548773189,0.8359964093357272,0.8513726810293237,Education bias (δ=0.5)
subgroup_educ_50,4,0.8061602333931777,0.7962933871932975,0.8136557450628366,Education bias (δ=0.5)
subgroup_educ_50,5,0.7691913524835428,0.7585166068222621,0.7794920706163974,Education bias (δ=0.5)
subgroup_educ_75,0,1.0,1.0,1.0,Education bias (δ=0.75)
subgroup_educ_75,1,0.933041591861161,0.9277304009575105,0.9382779772591263,Education bias (δ=0.75)
subgroup_educ_75,2,0.8863554757630162,0.8779136744464392,0.8938771693596649,Education bias (δ=0.75)
subgroup_educ_75,3,0.844340963494913,0.8380535607420706,0.8523638539796529,Education bias (δ=0.75)
subgroup_educ_75,4,0.8070990424895272,0.7989789048473968,0.8143663973668461,Education bias (δ=0.75)
subgroup_educ_75,5,0.7717534410532615,0.7614789048473968,0.7807525433871932,Education bias (δ=0.75)
subgroup_sex_100,0,1.0,1.0,1.0,Sex bias (δ=1.0)
subgroup_sex_100,1,0.9359590065828846,0.9317586774386595,0.9419546678635548,Sex bias (δ=1.0)
subgroup_sex_100,2,0.8917826152004789,0.8857981747456612,0.8977109515260323,Sex bias (δ=1.0)
subgroup_sex_100,3,0.8543200179533212,0.8481186415320168,0.8606111609814482,Sex bias (δ=1.0)
subgroup_sex_100,4,0.8218282465589468,0.8157914422501497,0.8289048473967684,Sex bias (δ=1.0)
subgroup_sex_100,5,0.7932600239377618,0.7852969778575702,0.7997905445840814,Sex bias (δ=1.0)
subgroup_sex_25,0,1.0,1.0,1.0,Sex bias (δ=0.25)
subgroup_sex_25,1,0.9360151107121485,0.9320653800119688,0.9421379413524835,Sex bias (δ=0.25)
subgroup_sex_25,2,0.8883864452423698,0.883370736086176,0.8941576900059844,Sex bias (δ=0.25)
subgroup_sex_25,3,0.8454593058049074,0.8375037402752842,0.8527865050867744,Sex bias (δ=0.25)
subgroup_sex_25,4,0.8055655296229801,0.7954480849790545,0.8138315380011969,Sex bias (δ=0.25)
subgroup_sex_25,5,0.7672239676840216,0.7576152004787552,0.7775620885697186,Sex bias (δ=0.25)
subgroup_sex_40,0,1.0,1.0,1.0,Sex bias (δ=0.4)
subgroup_sex_40,1,0.9359777079593059,0.932196289646918,0.9419808497905445,Sex bias (δ=0.4)
subgroup_sex_40,2,0.8884500299222022,0.8823870436864153,0.8946214841412328,Sex bias (δ=0.4)
subgroup_sex_40,3,0.8456612806702573,0.8379675344105326,0.8529361160981448,Sex bias (δ=0.4)
subgroup_sex_40,4,0.8064070915619389,0.796016606822262,0.8143813584679832,Sex bias (δ=0.4)
subgroup_sex_40,5,0.7689893776181927,0.7611310592459605,0.7782764811490126,Sex bias (δ=0.4)
subgroup_sex_50,0,1.0,1.0,1.0,Sex bias (δ=0.5)
subgroup_sex_50,1,0.9358093955715141,0.9315978456014363,0.9417078096947935,Sex bias (δ=0.5)
subgroup_sex_50,2,0.888618342309994,0.8816464691801317,0.894797277079593,Sex bias (δ=0.5)
subgroup_sex_50,3,0.8464429982046677,0.838259275882705,0.8534148713345302,Sex bias (δ=0.5)
subgroup_sex_50,4,0.8079705266307601,0.7975127169359665,0.8169097845601436,Sex bias (δ=0.5)
subgroup_sex_50,5,0.7712821663674446,0.7633677438659485,0.7788973668461999,Sex bias (δ=0.5)
subgroup_sex_75,0,1.0,1.0,1.0,Sex bias (δ=0.75)
subgroup_sex_75,1,0.935693447037702,0.9316165469778576,0.9419958108916816,Sex bias (δ=0.75)
subgroup_sex_75,2,0.8897853081986835,0.8838756732495512,0.897520197486535,Sex bias (δ=0.75)
subgroup_sex_75,3,0.8493342309994014,0.8421603830041892,0.8571476660682226,Sex bias (δ=0.75)
subgroup_sex_75,4,0.8131620287253142,0.8054982046678635,0.8195953022142429,Sex bias (δ=0.75)
subgroup_sex_75,5,0.7793274985038898,0.7730139138240575,0.7866921005385996,Sex bias (δ=0.75)
